tweet,sentiment,highlight
@Douniakatibi eh ktir bahdaleeeeee,Negative,None
Shu b7bk ya beirut ğŸ˜â¤ï¸ğŸŒ² ,Positive,Courtesy words
L liste shwe ktir mesh zabta ,Negative,None
@trissaabiissa ktir helo ltalej bs bye7la bo wjoudik set trissa yalla ltalej natrik ya saleimm cho 7elo ltalejj,Positive,None
akh ya allah ghachaytine dehek hahahaha,Positive,None
@zakichreif jamelo el heloâ¤â¤ yuburnee ,Positive,None
@VivoD3 @whos_al @alimouinjaber @rayaelhassan Ra7et el solta el tanfiziyi hala2 fi el tashri3iyi wel jomhouriyi...ya byetnezalo w by3mlonyali el thawra beda yeh ya 2ama mafi rest la yeghra2 lebnenÃ°Å¸ËœËœ,Negative,Sarcasm
"â€œ@monika_nakhle: Sorry? Bas fike tba3de 3anne?Sayim 3an l helo.."" @rhea_gabriel hahahhaahahahahahhaahhaahhahaaâ™¥â™¥â™¥I love uuuuâ€ hahaahahahhah ",Positive,Joke
Iniesta chou hal la3ibbb,Positive,None
@NancyAjram #MBCTheVoice bet3a2di nancyyyyyyyy kel marra 3an marra #MBCTheVoice,Positive,None
@ZoyaHarbi lhamdella ktir mneeh bas mbereh tabbashna shway :) mish bas ana okkkkkkk ? :((( ,Positive,None
@JessyBassil Lol so2al ktir tefehğŸ˜‚,Negative,None
@AndreaJadaa chou rah na3mel lal presentation boukra? hesse rah nos2ot bi ouwe,Negative,None
@HusseinRimmani ktir ha itdeya2 iza fal.,Negative,None
Hahahaha maybe its weird bas believe me iza loubye b la7me w rez L laban 7eda ktir tayeb ,Positive,None
Sabah l helo sabah l maamoul sabah l festo2 halabe ,Positive,None
3anjad hayda esmo match football? 2 penalties misses? Eno walaww,Negative,Sarcasm
Ana l helo fiyeh eno am bekoul sandwich w fiyo chi kilo toum w nezla end rfi2eh doghreh ,Positive,Joke
ahle wala marra aloule bravo,Negative,None
Mahboube ktir w 3adad fanz bel insta twitter t5ata tolab yale keno ma3ik bi 2a2al mn 3 weeks.chou ra2yik bi natije ? #DriveAt5 #LeaMakhoul #DriveAt5 #LeaMakhoul,Positive,None
@GeorgeGMouhayar hein ? Lah adamet my projects ğŸ˜Š,Positive,None
@firashaleemi heheh eh shaklk bthb el wa3ye bakir :p looool hope nharak ykun helo mwaaah 347450117181276160,Positive,None
mawjou3a baadne so saabe edhar liom :/,Negative,None
@marwan_masre sheyef el chabah moukhif ka2ina hye w  hssein el deik twins Ã°Å¸â„¢â€Ã°Å¸Â¤Â£Ã°Å¸Â¤Â¦Ã¢â‚¬ÂÃ¢â„¢â‚¬Ã¯Â¸Â,Negative,Bullying
L liste shwe ktir mesh zabta ,Negative,None
Bas ma telkush shakhes ma ktir testaghreb ino battalo yehkuk.,Negative,None
Helo ktir ,Negative,None
Whyyy bhebb hl2d l akel whyy,Negative,None
Kteer 3am bedhak ,Positive,None
@ahmadalayoubi07 Ma3 3elem enou sar 3andak 7ayetak tefha bas yala i love u too take care @#Beirut #Beirut,Positive,Courtesy words
Ok ktir 3melet mni7 pneumo im so happy ,Positive,None
Ktir ğŸ˜‚ğŸ˜‚ bt fej2ine bi ur tweets kel marra ğŸ˜‚ğŸ˜‚ ,Positive,None
el dollar sar bel 4000 chabeb allah y3inna la wen waslin.. allah ykoun ma3na kel lahza,Negative,None
Leh we3e hal2ad bakir w bas ykun 3ande sheghel bet3azab ktir ,Negative,Joke
Chou bo2tet de7ek eza bykhsaro l brazil 3a ardon bi awal game,Positive,None
@FawazMay enu eh bs view ktir helo b madrestik;p,Positive,None
@FadiHaddadmedia @najwakaram estez plz eza lkabar mazbout w fi ejtime3 salmli 3laya ktir w bousa 3a jbina mn 3ndi badna sowar w akhbar 7lwe,Positive,None
@KachmarAli @Janahakim el e7tiram ma khasso bi fare2 el sen. Fi nes akbar meneh b ktir w ma kharja e7terema ,Negative,None
3anjad chi byef2os enak tkoun daraset daraset y2ajlo el fahes.. rah kel chi di3an,Negative,None
"Fi hada y2elle chou ela ta3me ossit l ""prom date"" ",Negative,None
ma ken bedde tedhar hyye bhal episode kenit btestehal terba7 :(,Negative,None
URGENT shab 3am yenzof bel m3ounet bi jbeil w bado A- daroure ... esmo Nader Matta w hayda ra2em bayo 71375399 el shab wahid  please help,Negative,Known fact
@AliKaraki91 helo helo ğŸ˜ allah yeb3at l kheir ,Positive,None
Hala2 5edlak 3a akel b hal 3id,Positive,None
Anjad kteer zaha2 men douno :/ ,Negative,None
Shu aam tehke ya zalame hayda naser ilehe esmoğŸ˜‚ğŸ‘ ,Positive,None
@JoannaKai1 6 snin??? Rou7e 3mele 7akime  chou ela 3aze 7ayawenet ?,Negative,None
@HoussamMazraani shft ness btt3ab kaza sene la tsir doc w hayda la ann sham ri7it awal sene medecine sar doc !!!,Negative,None
mich edra enhaz men el takhet men el sa23a,Negative,None
#kousaÃ¯ Mabrouuuuuuuuuuuk ... Allah ya kousaÃ¯ . Bravooooo .. #MbcTheVoice #kousa #MbcTheVoice,Positive,None
Hayda mehen ya habibte,Negative,Bullying
kel ma fout 3a supermarket w y2arreb hada 3alaye bi de2 albe malyoun,Negative,None
@najwakaram Natrinek 3a nar ya malike ğŸŒ¹ Ktir met3atchine nesma3 gheniye menik ğŸ’– Bheeeeeeeeebiiiiiiiiiiiikkkkkkkk Ya 3omreeeeeeeeeeeeee,Positive,None
@najwakaram najwa allah ywaf2ik bil tour wbetmanna ykoun el single 2arib b7ebbik ktir ya malake bi kil chi bi sawtik akhle2ik wchakhsitikğŸ˜˜,Positive,None
Nzelet Riyad solh today w ktir assbet no way elle aam besir no wayyyyyy ,Negative,None
@midolebnen ana ktir b7eb hal8enyee,Positive,None
Hahahaha ma hek!!! Ktir kbir ğŸ˜‚ğŸ˜‚ ,Positive,None
I love it ktir mood daya3 kel season hahahaha ,Positive,None
@elissakh. Eza badek walla bji mnn l b2a3 3al beirut l3ndk hala2 w bhtam fiki ,Positive,None
Sabah el thawra ğŸ˜ la kill el ma2ruseen / mab3useen mn el thawra lissa ma shefto shi ğŸ¥° ,Positive,Sarcasm
3ayzin dam o- la ekhte bi mestachfa maounet bi jbeiil please rt ad ma fikon,Negative,None
@stephanie_saad Chou zanbe ana eza da2alle mouhame el fennene Ahlam??? Ã°Å¸ËœÂ,Negative,None
@mhamadallouch @Paulastih @Zeytoona ğŸ˜˜ğŸ˜˜ğŸ˜˜ aloushii 3yunak el helwen beshufu kel she helo ğŸ˜‰ ,Positive,None
"Al tkheyalo l banet ysiro ylatcho l chabeb ğŸ˜… "" ya helo chu hal wax  fina nehke 3al wats ? "" ğŸ˜‚ğŸ˜‚ ",Positive,Joke
Lezim eshab loto lyom haze ktirr helo ,Positive,None
@Charbelonsky hahahah ma khasso alain :p ha gheniye,Positive,None
3ANJADDDğŸ˜‚ğŸ˜‚ ,Positive,None
ma bede erja3 fout bi 3ale2a w en2aza aktar yemkin..,Negative,None
Mrab7eenek jmeele 3al $2000 yalle baddek tedfa3eehon lal course ,Negative,None
Ka eno ma hada ghayra bemasel helo ğŸ¤£ ,Negative,Sarcasm
@ahmadabdallah88 hayda dalil edde ahrinak :p,Negative,Bullying
Shu helo ykun fi wahad bel admissions 3arabe ktir bedhak ,Positive,Joke
Akalll brazillllll 7-1 !!!!!!! Al chou 7adro 7alkoun lal braziliye :p,Positive,None
@SallyDaoud 3m warjiki 3youni! Helo lawnon ;p ,Positive,None
@kiki_el_khazen ktir awiyeh,Positive,None
Kif byaamlo fina hek el Drs wlo anjad rhamouna,Negative,None
Madroub Hayda ! Shaklo nese Ino eja Min rahem lady ! ,Negative,None
@sabine_mansour @MhdDankar @waelhc @Marwan_BFD ana bzon ma btel2a bs het ta nshuf ,Negative,Bullying
Shakla ejet beirut w 3araset ğŸ˜‚ ,Positive,Joke
@JasonMardini yuhhh khalas chu bedak bhal chaghle aslan :p,Negative,None
Ya ala ktir bhebon,Positive,None
@PinellaHanania sho helo l zh2?? :p :p ,Negative,Sarcasm
@DaisyOdicho @anthonyeid1 Hwe hwe helo kif ma kenn :p ma3 aw bala gyym ğŸ˜Š ,Positive,None
@Ihabinho_Ak shu hayda ya ZalameğŸ˜‚ğŸ˜‚ğŸ˜‚ğŸ˜‚,Positive,None
fi rihet hari2 bel beit bas 3eref men wen jeye,Negative,None
@LeaMakhoul a2al chi hayda mna3mlou... love u hbb #LeaMakhoul #LeaMakhoul,Positive,None
@NourSaid_ hahaha ktir helo the name btw yimkin bas fi 3 in the world esmon Nye,Positive,None
ma hada rah ye2dar yradine men hal a3al w el aher li ana fi,Negative,None
my uncle is lowkey aawne w ktir aabele natfo ,Negative,None
Ana ktir bhebkoun. ,Positive,None
@RenaEliass nchallh  la2an bas hderto el trailor ken 3al ad kif tkheyalto bas 2rit el kteb,Positive,None
#WhyIloveGhada inty ktir 7ilwiii #WhyIloveGhada,Positive,None
bro kif serna hon ,Negative,None
Chou helwee allahh,Positive,None
Ya 3adra chou hayda!!!!! ,Negative,None
Chou bheb bas ez3ouj l3alam. :) ,Positive,None
@GhenwaKaedbey Heida l post ma njeb siret gebran bassil fi njeb fi khabar 3an walid junblat wosel l message â™¥ ğŸ˜˜ NB: @GhenwaKaedbey rfi2te w 7a tdalla rfi2te bi 7al hadan chef l posts ğŸ˜,Positive,None
@AhmadSharara bas 7asse twitter 7ay2oum 3layye :p ktir majlou2in fiyun enno ma khalas kello a team..,Negative,None
Chou mahdoumehğŸ˜’ ,Negative,None
@Fouad_Rahme ah helo helo ana ele mn 20 decembre mkhalsaaa â˜ºï¸â˜ºï¸ ,Positive,None
Lek fi LU bl soura it says enno mndal nendob 7azzna ,Negative,None
Chou??? Ma fi bad things happening el layle?? ,Negative,None
Enno kif ğŸ˜ğŸ˜ğŸ˜ğŸ˜ğŸ˜ #theloveofmylife #GeneralMichelAoun #theloveofmylife #GeneralMichelAoun,Positive,None
Yes yes pls kelkon tla3o 3a faraya barke bi kheff daghet el 3alam bi Beirut yes do it bravo thank you ,Positive,Sarcasm
Ya wayle chu helo l goal #france #spain @KarimFKhanafer #france #spain,Positive,None
@najwakaram #JudgeNajwa ye5reb 3a2lik chou lebe2liiik #JudgeNajwa,Positive,None
Hayda Lebanon ğŸ‡±ğŸ‡§ kel shi fee magic ğŸ˜‚ ,Positive,None
@JanaMhamad hahahha ana taba3e gharibee :$ma fi ktir 3emlin menna ;) ,Positive,None
@Cybele_reaidy lak nchallah 3ayouuull,Positive,None
@hiba_khalil1 hahaha tb ma howe ktr helo w hek :p hahaha ,Positive,None
@maximkhalil1 happy birthday ya ajmal moumassel maxim khalil...kelak ehssess w temssilak bi2asser fina ...w jamelak w kel chi fik helo ,Positive,None
@Riita8 @andrea_lian helo 3ane :p ,Negative,None
eemlin hal2et influencers l thawra w ma aazamoune b sifate akbar nekatjiye bel thawra? aayb w shame ,Negative,Sarcasm
kobe w bento ma byestehalo 3anjad z3let,Negative,None
Ufffff uffff la hayda esmo goalll hattrickk ronaldooo,Positive,None
@nicolasmezher ana ktr z3elet 3ali 3m t3mlo ma3 rim bs bidal temsilak helo w moudhech :) ,Negative,None
@lateef3abboud ahla w sahla bl abboud next week my parents go down to beirut betsir l a3de hon ;) ,Positive,None
@NawalElZoghbi da5il hadamtik mwah â™¥ 3am no3tash ktir ya nawaaaaal ,Positive,None
La2 helo ktiiiiiiiiiiiiiiiir l shab !!!! #ctrop #ctrop,Positive,None
Hayda twitter mich site porno habibe ok? Bs balke ma kente 3erfa eno kermelik ya3ne,Negative,None
La2 wloo ASOT600 ken bi beirut w ba3don bel nrj music tour? :| ,Negative,None
@hazoon2014 heheheheheheh hazzooonnntehhh kifik ya ahlaaa benet 3andeh yeha wli bhebba ktir w baddeh ta3miya mloukhiyehh,Positive,None
I m in love with the Coco Chou ma elak ta3me bel hayet anta,Negative,Bullying
@TarekTamo eh ana chwei nezlet dame3te kamen ,Negative,None
L memes yale 3am yetla3o halla2 are out of this world. Te3it l nammoura 2ateltne ğŸ˜‚ğŸ˜‚ğŸ˜‚ğŸ˜‚ğŸ˜‚ğŸ˜‚ğŸ˜‚ğŸ˜‚ğŸ˜‚ğŸ˜‚ğŸ˜‚ğŸ˜‚ğŸ˜‚ğŸ˜‚ğŸ˜‚ğŸ˜‚ğŸ˜‚ğŸ˜‚ğŸ˜‚ğŸ˜‚ğŸ˜‚ğŸ˜‚ğŸ˜‚ğŸ˜‚ğŸ˜‚ğŸ˜‚ğŸ˜‚ğŸ˜‚ğŸ˜‚ğŸ˜‚ ,Positive,None
@krystellefreiha mbeyin ktir bt 7ebbe l Kleb ya bentğŸ˜‚ ,Positive,None
AkiiidğŸ˜ğŸ˜ ,Positive,None
W ela 3en tehke ğŸ˜‚ ,Negative,Sarcasm
@Marwan_BFD @dankarz @MhamadDankar @AdhamArslan eza hada sa2al 3an lshabe kilo busy bl whatsapp ,Negative,None
â€œ@rheabamo: Ktir habbet kif bi aldooğŸ˜‚ğŸ‘…â€@sarah_zakhour btetzakkare?ğŸ˜‚,Positive,None
@LILIANNENEMRI aslan ente el lebneniye l asliye akkar w b2a3 w jnoub w beirut ...w ana nafse li wadaytelik inbox mberh 3al fb ,Positive,None
@AlissarHelou guess sho bda l3bet shedee hkit ma3 maya w yahie jeyee!! #Beirut #friends #Beirut #friends,Positive,None
ok ma sme3et l lyrics ktir bas aam behke production wise i like it ,Positive,None
@wakanou_ Bass la ma3loumetik ma kenet 3am defi3 3al benet literally ma ba3refa bass kenet 3am 7awil wassilik fekrit enno el diaspora lezim ysedo ni3on iza 3andon shi y2oulo dod el thawra bass heik,Negative,None
ayre ktir 2asarit fiye hal kahbriye,Negative,Foul language
Ma fi ryeha,Negative,None
@melbardisi1 @mariezr04 @62Roses @kayal40 @wardh_881 @SoonaMaatouk waw waw,Positive,None
Ktir khayfe chouf 3alemte,Negative,None
W eerr shou helo hal matchhğŸ˜ğŸ˜ğŸ˜ğŸ˜ ,Positive,Foul language
@SandyyHANNA eltellik chou baddik bhal machrou3 ğŸ˜Œ ,Positive,None
Wtf chou sar?,Negative,None
@sami1jawad ma law btetfadal 3alyna w btehjouz w bteje b hal shaher bkoun shi ktir helo!! ,Negative,Sarcasm
hahaha! Yaret bass el helem el 3arabe ba3ed ahyan teh2i2o men hal chi ,Negative,Joke
@HadchityMarc sadi2eh past mesh ya3ne men seneh Ã°Å¸Ëœâ€š bzakrak torres sarlo aktar men sene rayih men liverpool (l soura l enta hatayta abel) ,Negative,Sarcasm
@ClementHakim helo el tafe2ol ;):p ,Positive,None
Lol daharet ğŸ¤£ yaret ,Positive,None
Mum nzlt mn car la tmr2ni mn l bineye al car bl shamsiye I mean ana met2akde zawjek ma by3melek hek shi hhhhhh my parents love me a lot ya rab hfazli yehun ,Positive,None
Hayda tayar lnaser wil 7ak 2alah ye7mikon w ye7me sit lkel,Positive,None
Mashrou' Leila 3ala Hayda Hake el layle  ğŸ˜» ,Positive,None
@khalilahmd @MohamadKaaki ya ret bten3amal retweet l conv. Kella. Eno hadis ktir helo w kello sa2afe haram ma l kel yo2riya :p ,Positive,Sarcasm
May shop la kel sabiy3h bethess hala fashionista :p beirut rue hotel bristol @maybsat111 ,Positive,None
Chou wa3ene ana(?) ,Negative,None
@JenniferRahmeh lah m l helo eno mch hwe b sou2 hada b sou2 3anoo ,Positive,None
@FaridaZeinaty hahaha chou m3asbe menno:p ,Negative,None
@MouhamadNahle lol ktir hek habal walaw,Negative,Bullying
@AkikiJoyce Habbet! Hayda el rideau 3andkoun a la maison?,Positive,None
Lk lyom chft chi chaben ktir hlwin w knt lbse clown w 3achiye chft aktr mn 3 chabeb hlwinnn w knt lebse chabbb B2tulll haleee?!Ã°Å¸â„¢â€ ,Negative,None
@Simon_993 Mch hk Ya simon bas 3anjad he chab beche3 kif b oulo 3anno 7elo? ,Negative,Bullying
Mich 3am tozbat ma3i. . . . Eh w chou mna3melak?,Negative,Joke
@NayouchAH6 wowwww chou halbhekmeh,Positive,None
@LeaSbaite khabrine besharafik ana ktir zeh2an bel saff,Negative,None
Ta3e ana w yeke na3mello video Haram he's cute w twitter bale bizahe2 ,Positive,None
@RechdanNour yii ana bheb hal soura,Positive,None
Okhti msafra w ha3mel haflaaa,Positive,None
allah yestor chou rah tal3o arar,Negative,None
@MichelleRomanos HAHAHHAHAHAHAHHAHA thank you thank you btw di3ayet fadi r3aydi chou zakkaretne fikeeeğŸ˜‚ğŸ˜‚ğŸ˜‚ğŸ˜‚ğŸ˜‚btw chta2nelik,Positive,None
@rania_elkhatib mazel mamnou3 tkebbeh war2a 3al ared w fi mahalet bas lal aneneh w l3ando i3aka honik mich ma32oul chou byehtamo fi,Positive,None
@Cybele_Reaidy eh astazeh!,Positive,None
#WhyIloveGhada yiii nsit sara7tik ktir 7ilwii w awyii .dalik heik ghodghod 7abibi #WhyIloveGhada,Positive,None
@maleksharif plz s2alo shou ra2yo bl shebeb yelle darabou l 3alam bl wassat Beirut w yelle 2awas b zalka ,Negative,None
@Mostaphaki @lollanasser2 @ellananoss @rama_ajram @tayemooriya Salmmtek Lama ,Positive,None
@Yara_berberi @ghanemeddy nhnaa mjenin chwe la2 ktirÃ°Å¸Ëœâ€š bss enoo haram maa nchufo Ã°Å¸ËœÂ­Ã°Å¸ËœÂ­,Negative,None
Chatrin tehko bl wirate bs ya sadi2e ra2is lhezeb bl kataeb byetsawat. Cheikh samy elo 25 sene bl kataeb w toli3 chwe chwe. Heyda hezeb t3azab ktir nhat bl freezer mnel 90 lal 2005 reji3 kamen nhat bl freezer la halla2. Eja jil jdid 3am yehke la masla7etna w ento jeyin t3etbo. ,Negative,Sectarianism
@LBCI_FansSs @LBC_Group Chu hl cadre l helo :)) ,Positive,None
@elma_ayoub habbet esmik,Positive,None
Saro marten bou3a maf2ouseee !! @Charbelonsky,Negative,None
Shaklo metel balotelli hayda hahaha,Negative,None
Chou ba3mil bi hayete(?) ,Negative,None
@Charbelonsky hahaha ! Hasset hale 3al msn bel 6eme,Positive,None
@Hammoud_91 lak eh hayda l hake l sah,Positive,None
3al mada el arib mich aaref chou el jaweb.. ma badde erja3 eghlat bi ha2kon w ekhsarrkon,Negative,None
Eh laeno l darak 3ana ktir awedim ,Negative,Sarcasm
@pamoffff bas 3anjad tawal ktir 7adis balad chata2na lal barnamj,Negative,None
Helo kteer kteer kteer ,Positive,None
"Kiff kell wahad sar ynazel soura la day3to ma3 ""my village last night"" w henne bel 10 snin byotla3o marra.",Negative,Sarcasm
@makramaoun @nidaleissa lech hek 3am tehkoune tab ? :( :/,Negative,None
@najwakaram ana b7ebik.ktir ya amar,Positive,None
@GhidaThiniFawaz mwal3eta ween ma ken Twitter insta w Yalla ğŸ˜‚ğŸ‘Œ ,Positive,None
@AhmaddOssaily @ReeemAjam aslan hayda l shaytan li sharreke yeh la2an amerkene,Negative,None
Ktir helo l taes ,Positive,None
@MhamadDankar @dankarz @Marwan_BFD @AdhamArslan no bas shakla ktr helwe hayde mnemshi feha ziad ,Positive,None
@justaline1 @lama00lamlam ana li bya3emlouleh unfollow bkoun hekeh ma3oun w bhebboun w henneh kamen bas duno chou bi serloun byofosmo,Negative,None
@RimaNJEIM ma 3ena ersel ya rima beyrouth gemeyze alla ma3ik ma sme3tik wala lsala ma ba3ref eza men 3endkon or lradio . ,Negative,None
@ElieFrangieh @samerjsaadeh @Renabouabdallah khayyy hayda lmatloub merci mannn wa akhirannn 3refet chou baddeh have a nice evening all,Positive,None
@FadwaRifai 100%.. Ktir sayir fi falaten w kello 3l hayin w yalla shou ma ken !,Negative,None
@HaveYuGotItYet ohh shit :/ kherbene ktir ya3ne?,Negative,None
@AliJMansour @boudzj kenna ne3senin haypartna estez aliii be hel soura :p lol ,Positive,None
Helo chaklak!!!!!!! ğŸ˜Œ ,Positive,None
Omg Ã°Å¸Â¤Â¦Ã°Å¸ÂÂ»Ã¢â‚¬ÂÃ¢â„¢â‚¬Ã¯Â¸Â li 3al autostradre ,Negative,None
Italian guys ktir bi bako. ,Positive,None
Migraine ana chou 3emletlik tab?,Negative,Joke
May 3ishuwa ktir madrid fans 2ino hine ze3lenin w maba3rf shu la2an fal di maria. bas utd fans elon ha2 la2an ronaldo is the worlds best,Negative,None
@ranamoussallem mercii ktir ena 7a testsdife l queen Lea Makhoul w Natrinkon ğŸ˜‰ğŸ‘ #LeaMakhoulOnSawtElmada #LeaMakhoulOnSawtElmada,Positive,None
@StephanyFeghaly ana ktir bheb el promo taba3na :p,Positive,None
Hahahaah habbet,Positive,None
Liverpool dabe7 ,Positive,None
â€œ@najwakaram: Saba7 l anwar Chta2na Ktir Ya 7abeyib ğŸŒ¹ğŸŒ¹ğŸŒ¹ğŸŒ¹ğŸŒ¹ğŸŒ¹ğŸŒ¹ğŸŒ¹ğŸŒ¹ğŸŒ¹ğŸŒ¹ğŸŒ¹ğŸŒ¹ğŸŒ¹ğŸŒ¹ğŸŒ¹ğŸŒ¹ğŸŒ¹ğŸŒ¹ğŸŒ¹ğŸŒ¹ğŸŒ¹ğŸŒ¹ğŸŒ¹ğŸŒ¹ğŸŒ¹ğŸŒ¹ğŸŒ¹â€ NawartiiiiiğŸ˜ğŸ˜ğŸ˜ğŸ˜,Positive,None
@eddy_hatem ya3meli chi effet ba3ed,Negative,Sarcasm
@my orthodentist please ma ktir tnikile temme i wanna enjoy China box liom ,Negative,Foul language
@Hussein_Edris @amouna_mostafa hahahhahah no law sama7et ana ba3ref sewe akel :p w pro wfek tes2al 3aylte :p,Positive,None
@mariakhouryyy mmmm ktir taybin ma3ik 7a2,Positive,None
@Imadalhindi mouch 3ejebni iben el Maalouf lately mouch 3am byetla3 7esso ktir @jad_maalouf,Negative,None
@Tarek_Omran badde yeha Bookra W Chou Bookra knefe,Positive,None
Cousinte nezle mn ljnoub t tetzahar b beirut w3l2et hon w2al batal 3nda underwears Eltella i still have new boxers eza badik mesh lebison abel. I wont tag her ğŸ˜‚ğŸ˜‚ #Ù„Ø¨Ù†Ø§Ù†_ÙŠÙ†ØªÙ‚Ø¶ ,Positive,Joke
Bheb ali ktir bye ,Positive,None
@Roudyhanna @AndreaAndu25 hahahahaha tnaynetkoun chou mahdoumin:),Positive,None
awlkon eza rehet ethchammas rah ehtere2 ktir? 3etlene ham,Negative,None
@tracyghanem eh hayda zolem .. J'ai rien fai le2an :/ :p ,Negative,None
Sa23a aw ana bene shi ! Ã°Å¸Ëœâ€¢,Negative,None
Wlak yo2borne allaaaaa #MBCTheVoice #ÙØ±ÙŠÙ‚_Ø¹Ø§ØµÙŠ #MBCTheVoice,Positive,None
Ma tonbosto ktir halla2 metel l 3ade mnenhebil ekhir chi. ,Negative,None
Smalllaaaa hayda l matloub hahaha ,Positive,None
@Samirnassar95 chou fiya chi helo? Elle pleaseee gher eno bs bass awal noss d2i2q ? ,Negative,None
@Pia_Gea ba3rif ana ktir awe.,Positive,None
W howe ktir helo.  ,Positive,None
@9GAG @MayssaERassy bit zakrik hal soura be hada?ğŸŒğŸ˜‚,Positive,None
Chou ya helwinn,Positive,None
Dakhlak HezbAllah chou bte3tebera milichia aw chou? ,Negative,Sectarianism
@hasanmakki ma khas l history b hek :p ma tkun metl liverpool fans:p ,Negative,Joke
@ousbou3fisa3a 2alla yse3ed chou biyefham,Negative,Sarcasm
HOTO MTV HALA2 MARWAN HABIB ,Positive,None
ktiiir damma3et,Negative,None
Hayda ma biya3ref ye2ra w yektob w bedo waziren Wlooo kif la Ken iza Ken 3ando terminal ,Negative,None
ANA Mka2be. MA BA2 FINE.. ,Negative,None
@GhidaSkaf eh baybb sba2ine Ã°Å¸ËœÂ Dakhlik 3esh min shefik :o Kel ma sa2alna 3anik btetl3e b Beirut :/ ,Negative,None
AKH ALBE EL DEHEEEKKK,Positive,None
Bala manyake aam tujaane ktir baydte ,Negative,Foul language
Shou lezim a3mol bi daynte el chmel eza ktir aam besma3 da2et albe? Hessa fi shi bi alba w ma aam yotla3 ,Negative,None
7aram patchi w alfa m3atren anja2 betal3o 2-3 millions profit a year ,Negative,Sarcasm
ktir do3eeettttt chou mafroud a3mel? benzal walla bdal bel beit? :/,Negative,None
@rodolphbourgi hahahhahha hayde ktir bte7keÃ°Å¸Ëœâ€šÃ°Å¸Ëœâ€š,Negative,Bullying
chou bi oulo la chakhess khoser ebno? :( #unfair #sadtruth #angel,Negative,None
@alijaafar54321 hayda 3ana b lebnen ? Ã°Å¸ËœÂ³Ã°Å¸ËœÂ³Ã°Å¸ËœÂ³,Negative,None
@mich_h ehhhhhhhhh ma heikkkkk chou ha tetsalehhh bi cha3ratik mahroutin 3al sa2ef bel jeux de lumiere,Negative,Sarcasm
Li b de2 l beb b le2e l jaweb. Ma assar fike. ,Negative,Saying
@marwan_fd @Khalilsaad7 Se3den temo ad mgharit Jeita w mankhouro mtl kwe3 arayya ,Negative,Bullying
bi bakke,Negative,None
â€œ@marc_mhanna_17: @FadelGemayel @michelfarah98 bas bro goal taba3e mou5iffffâ€ eh man ktir helo ,Positive,None
@baekhyun helo ,Positive,None
@ayoubjanine ummm anaaaa walla lyom 3am zawim hatta wl ac mdawar hahahah seret mhamam 3 marrat lolll w now feyit ktir chob w ess,Negative,Foul language
Boukra btotla3 natijet lfhousat. Allah yestor,Negative,None
Hahaha U should See Me ğŸ˜‚ Ka2abetttttttt ,Negative,None
@James_Yammouni awww chou cutee law kenet bi Lebnen kenet 3meltellak hek ,Positive,None
habibti @nousraghaleb1 chou saierr ma3ekk :O,Negative,None
Eza 8enneyet l musalsal la marwan khoury 3refo enu l musalsal helo. ,Positive,None
hada mich eder ynem metle? #insomnia jarrabet malyoun chaghle bas 3abas,Negative,None
Ade helo l shete w l ra3ed bara w ana bl takhet? ,Positive,None
@Karlsfeir @joekazan ahlan ahlannn,Positive,None
â€œ@Andrea_Hajal: Enta ktir helo.â€mercii ,Positive,None
@NourhanKheir HAHAHAHAHAHAHAHAHAAHA ktir awiyyi :p,Positive,None
@MariaS_Official plzzzz follow ana lyom 3id miledi farhini bi follow minek plzzz ktir bhebek be3chaek,Positive,None
@ritahayek1 ktr helo e7sesk w akd 3m toussal l msg :) ,Positive,None
"-chou bek ze3len? --""t5ena2na"" ana w sa7ebte w tarakna - Da5lak edeich 3omrak? --13 sene estez -tayeb Khaberne chou sar baynak w bein Dora. ",Positive,Joke
Bonjour Abou Ronâ˜ºï¸ eza mettef2in 3al to2sim ktir mnih mabrouk loto laken. Ana bas bede te3ezmouneh bas tehtefloğŸ¤ª ,Positive,None
Ktir daroure eno l 3asfe tkoun ktir awiye w nfaris l 5amis,Positive,Joke
@MishoRicha @NadimBayeh_ chou khas? ben iran w saudi iran is LESS WORTH tnaynetoun adrab men ba3ed w alla yeb3edoun 3anna. ,Negative,None
Clip clip ta3 dess chouf chou ne3im,Positive,Saying
@mashrou3leila tonight on hayda 7ake! Can't wait ğŸ˜ ,Positive,None
@Marwan_Kanj hahahahah... Plz khali 3ndkon!!! ,Positive,None
lil asaf baaed fi nes leh2a za3ima,Negative,None
@mlzzzzzz 3adz  3melo ba3d chi machrou3 baleyÃƒÂ© #groupe #de #putes #groupe #de #putes,Negative,Foul language
Ktir awe el monsieur avec @mayadiab mish Carlos wala haidak taba3 el m7atta.. ah esmo Nadim. ,Positive,None
Ktir jou3 ,Negative,None
hada ghayre ma bi hebb hayeto?,Negative,None
dahaktine ktirr,Positive,None
Ana bhebik ktir bs ma habyt menkun bs ro7te ala jlasit mouwezaneh w lezim te7termo waja3 cha3b w sawra w zolem abel ma ta3mlo ehtiram lal mou2asaset ,Negative,None
Akid mish joker 7alabouuu ,Negative,Saying
@NESREENTAFESH nesreeno pls follow 7al2t lyom kenet ktir helwi estamiri,Positive,None
@AmaniEzzeddine laaaa hayda esmo jahal:P,Negative,Bullying
@FatenShamas anna akid btinbositt eza adamit najwa karam tnayneton libneniyeh w ktir hilo y3tirfo bi najeh ba3don wi berko la ba3don,Positive,None
sara5et ,Negative,None
@MariaS_Official byelba2lek ktir chou ma bte3mli helou 3layi,Positive,None
@MarwaElMarouk eh ana ma hasset hahahaha mart l made hasset fiya ktir :p,Positive,None
KTIR BHESS BYETLA3O SETS OF TWINS ğŸ˜‚ğŸ˜‚ğŸ˜‚ğŸ˜‚ğŸ˜‚,Positive,None
@ayoubiemma looooool ktir helo bas enteh ahlaaa yo2broneh modelik chou helweh ,Positive,None
ya 3adraa kif bado ye2ta3 hal semester??? ktir stress kel el wa2et :(,Negative,None
"Person: ""Khatik ktir helo mabyechbahik"" me: thx person: lek la2 azde over ne3im w ente ktir hyperactive . Euhh chou ekhdine fekra aan el hyperactive mafhemet? Ã°Å¸Ëœâ€šÃ°Å¸Ëœâ€š ",Negative,Joke
mich hatta chi btemme ele yawmen,Negative,None
@cathedrelic w ktir zeit zaytoun!! Wlak akhhh!!,Positive,None
Fi ktir wazawiz bel hamra ...,Negative,None
Great hek ma me mnensah ktir iza sar fe harb. Innn ,Positive,Joke
@NourH92 ma bi salle ktir eza ma ken mou coach tbh,Negative,None
@RashaAbouAntoun hahaha ktir bhebb ekhod close shots lal eyes fiyon details bi khawfo !,Positive,None
@samirsleem bro ne7na bisexuals chou fiya?,Negative,None
Enteh ktir helweh,Positive,None
Hala2 bedkon t2oulouleh eno mafi hada byel3ab call of duty online? Chu hal cha3b hayda? ,Negative,None
W ahla chi eno semeater break bas eno l ta2es mech ate3 ,Negative,None
Dakhlik ente chou mahdoumeğŸ˜ ,Positive,Courtesy words
@lovelysylvana @serieslb Wow mn esmo mbayan helo :p wen ? ,Positive,None
@Gebran_Bassil Dakheel ijrek maba2a t2adim shi inta. Shfna kl shi shtaghalto lawen wasalna. Rte7 habibi nhna mn adim 3anak,Negative,Sarcasm
Oth byaamele depression w b khaline ekoul ktir,Negative,None
Mabrouuukk Liverpool! ,Positive,None
@GhadaJreidi chou seir hadamtik w jamal sawtik ma 3am be2dir ba2a eit7amal bmout fike #DiscussWithGhadaJreidi #DiscussWithGhadaJreidi,Positive,None
ana men hala2 la tos2ot lhoukoume kella w tokhlas l thawra ma rah otlaa aal autostrade ,Negative,None
@ArabsGotTalent Jennifer waw raw3a,Positive,None
@PatrickHajj123 bi 3a2id ana hdorto men 2 weeks ... WaW ... ,Positive,None
@zefloyd @sandrayahya very good ktir helo ,Positive,None
ma badde os2otttt,Negative,None
@Maria_Kassis Lehhhh ktir meshweye:o ,Negative,None
Eh natrik chi awe ktir ,Positive,None
@farah_ayyad7 mhaleyeh ktir chfefik khdoudik ka ano dunno ba3rif sayra tayoubeh ,Positive,None
KTIR Ã°Å¸ËœÂ© ,Negative,None
Bro ma3ash bede thawra bede ru7 3a concert the Maine ,Negative,None
kf bet dewo aleb maksour? se3do rfi2a mehteje RT,Negative,None
@Tchuuup @tiffanymurr HAHAHAHHAA HALLA2 SHEFET L SOURA ESTEZ!,Positive,None
hloff eno enta scientifique w bta3nel recherche hadret l neyeb li ma ba3ref esmak?! HAHAHHAHAHHAHA,Negative,Bullying
@AliKaraki91 ta tchouf adde mech taye2on lal engliz chouf chou 7eke 3anon ba3ed el game,Negative,None
Shu hayda yale 2baliii wegik wala amar l leeeellllll?,Positive,Saying
@Ihabinho_Ak @FatimaM_19 hahahahaha ktir.,Positive,None
"#MTV ba3ed fi di3ayet ""ktir ktir ktir binaddif perlex"" ma 3edtouwa mit marra ..:) #MTVFailedAgain #MTV #MTVFailedAgain",Negative,None
omg please ma bsaddi2 fi nes ma3e bl grp 3am ta3mil psychology ,Negative,Bullying
Bhebik ktir haifa @HaifaWehbe merci la2anik radayte 3laye bmout gike,Positive,Courtesy words
Shu helo el wahad yetla3 bi taxi el soboh ykoun hatet CD elissa #HaletHob ğŸ˜ la w ma3o kil el cds kamenğŸ˜ good morning #HaletHob,Positive,None
Eno le wazir al 3amal mabya3mil metel wazir al tarbeye !!?? Badna n3atil na7na kamen :( #storm #beirut #storm #beirut,Negative,None
Wosleeeeeeeeeeet Tekno Seyeseye M2asame Sene She3e Mase7e Yaaane ka2ano ma sar thawra ,Negative,None
dahre 3m youja3ne :( had bbya3ref chou fine a3mel exercises?,Negative,None
@abdlsater ah helo hahah ,Positive,None
Chou ? Kif ?,Negative,None
ktir bade ghane bas kamen khayfe l kel yeghfa ,Negative,None
@MorenaAndalucia hahahahhahahaha lol ktir osas :p w 3andeh album eleh bas tretil kalimeteh w al7aneh,Positive,None
House logic be like : Hayda el cha5es chaklo merte7 bel nawme 5allina nbalich ndoj w neze3jo 7atta yfi2 ,Negative,Sarcasm
@Hindwana 2ahdam chi 2ekhdine ldor jader ktir ktir mahdoumine bijaneno,Positive,None
@joooyyyyyy KTIR AABELE TAB .. MA FINE BAS MARRA? :(,Negative,None
Ktir bshil knefe mn aand sea sweet now ,Positive,None
@VictoriaElissa allah karim w shehed hayda bikafiÃ°Å¸ËœÅ¾,Negative,None
@moussa_a_b HAHAHAHAHAHAHAHHAHAHAHAHAHAHAHAHAAHHA KTIR AWIYE,Positive,None
@CarenHelou: @KhazenNour Helo asir ??? Oui oui aslan tyes belle kif ma kente (3am betghazal fike eza lahazte :p) ,Positive,None
@HussainAyoub el diet m2assir 3lek ktir ya 7asoonğŸ˜‚,Positive,None
@ziadbourjiii hyt l helo bjr ya albeeeee kifak lyom? Loveee u ,Positive,None
Kello mlabbak Ã°Å¸ËœÂ ,Negative,None
BTESTEHAL! KTIR HELWE YA OMME.,Positive,None
@AbiBb9 @NadiaBsat nadia bsat gher ossaaaaaa chou baddik bet3a2idddddddddd,Positive,None
Teb ktir sa23aÃ°Å¸ËœÂ°Ã°Å¸ËœÂ° ,Negative,Known fact
@staceyhakim @fouadfeghaly shou helwe l sourağŸ˜,Positive,None
Ehle ma b 5alloune nazzil l siyyara 3a beirut :( ,Negative,Known fact
@hayda7akeh @fakihn  Chapeau bas .. Thumbs up :) ktir awiyeh hal 7al2a ;),Positive,None
what the hell chou 3ed sar ma3kon? jabbarte ejrik ? w elsa kif saret?,Negative,None
tarakna ana wyyeh,Negative,None
Habbet kif bye2tlo. #law #law,Negative,Sarcasm
@ziadbourjiii habibeee plzzz nazelna soura from set shta2nelakkk ktirrrr Good luck for today bhebakkkk â¤â¤ğŸ˜»,Positive,None
@roua_sleem yaaa helo ktir hahahah ,Positive,None
Bukra nezle Beirut w Ahle 3am b hasesune I'm going to war ,Negative,None
3azeb hal semester 3azeeeeeeeeeeeeeeeeeeeeeeeeeeeeeeeeeeeeeeeeeeeb,Negative,None
Hahahhhaa Hayda elli besammo ja3dane ğŸ˜‚ğŸ˜‚ğŸ˜‚ ,Positive,None
omg chou sar be ghadir,Negative,None
MABEDDI EDROSS BADI THAWRA Ã°Å¸ËœÂ­Ã°Å¸ËœÂ­Ã°Å¸ËœÂ­Ã°Å¸ËœÂ« ,Negative,None
Chou rah yaamloulna bel labs? Kif rah etkharraj ana eza ma aam nekhedon?,Negative,None
HAHAHAHAHA waw bsir metl soha kikano ,Positive,Joke
#typicalLebaneseFather Dad:joanna 7ej tekle btonsa7e W kel ma yjib akel baddo yta3mine bl ouwe #typicalLebaneseFather,Negative,Sarcasm
@SarahAbouTacca @mentionto @justinbieber ehhh ... B7ebbak justin. Hahaahahaha mbala mbala ele aleb bs nzale 3a beyrouth :P(7ejje la tenzale) ,Positive,None
z3elet.,Negative,None
Hayda jamel lebnen ajmal nesaa elard ,Positive,Courtesy words
bhebik ktir ,Positive,None
Benet jirana 3emra 16 lyom khetbeta lol . . . . Khayfeh t3anis ma fhemet chou sayir 3layoun lbanet,Negative,Sarcasm
@YesserTayyara @carolee12345 kel hayda 7ad bayte w mish 3aref...,Negative,None
Hayda minou le3ib haydi temssil thanx brazilÃ°Å¸â€˜Å½Ã°Å¸â€˜Å½Ã°Å¸â€˜Å½Ã°Å¸â€˜Å½Ã°Å¸â€˜Å½Ã°Å¸â€˜Å½Ã°Å¸â€˜Å½,Negative,None
aslan chou el helo bel hayet? gher el akel,Negative,Joke
Dude aratet de7ek wa2ta fetet 3layyon like uhm the fuck? ,Positive,None
nes yali 3m t2eli ntebhi 3m yeser2u ktir hal fatra bheb elkon enu eza hada akhad jezdeni ha yredeli yeh shafa2a 3layi w y3tini masari ma3o ,Negative,Joke
Tkheyalo yeje boukra principe de detergence ya3ne hayda li na2is,Negative,Sarcasm
@NancyAjram #MBCTheVoice 3anjad nancyyyyyyyy bet3a2diiiiiiii 3atoul najeh #MBCTheVoice,Positive,None
W ana ble2e tissue musta3male ,Negative,Sarcasm
@gabyassaker hahahahhaha hayda kalbik?,Positive,None
@ReemEzzeddine hahahaha shi tabee3e ana men awal l sene la hala2 saro shi 8 :D waw helo l terminal ^^ ,Positive,None
@CelloSeries @TaraAbdulkareem @nadinennjeim @khal333340 @TaimHasanActor waw ktr helwe hl pic ,Positive,None
bro l o*wet baadon mfakrin l thawra elonğŸ˜©ğŸ˜©ğŸ˜©ndabbo kelkon yaane kelkon,Negative,None
3a2bel el mieh ya helo happy birthday @paul_riachy ğŸ˜˜ ,Positive,None
@nadinennjeim law bi3a2id w ente btjanine Chu hl temsil l ra23 w helo enik 3m techte8le bli bthebi l fashion ktr helo w tesmimik helo ktr :) ,Positive,None
Ma bymshe l hal jem3a w hek ta2s b nafs l waet lol ,Negative,None
KTIIIRR HELO seret hadreto marten,Positive,None
â€œ@emilioboustany: badde a3tike kel robe3 no2tet hobbâ€chou emilioğŸ˜‰,Positive,None
@HelenaHerdan ktir heloo! ,Positive,None
Ktir hek Porto's GK ktir ! ,Positive,None
@peteryounn3 @sergebassil3 sorry 3anjad wallah ma ken asde ya bros,Negative,None
@SaraBaydoun1 ktir 7elo,Positive,None
@Samaar_hw @RalphSlt hayda huwe zeto bi 7adis lbalad bss bija33ir aktar,Negative,Bullying
@michaelabizeid hahahahahha hew ktir helo. ,Positive,None
Dakhlik ente chou mahdoumeğŸ˜ ,Positive,None
Fi kteer wjouh helwe 3a twitter lyommm allah yehmikon ,Positive,None
@najwakaram ya allah 3an jad ktir chta2tellliiikkkkğŸ˜­ğŸ˜­ğŸ˜­ğŸ˜­ğŸ˜­ ,Positive,None
Chou kamm 3eres bel tankee?!!! :o ,Negative,Saying
badde enteher,Negative,None
Bi chou belik lkel 3m yetzahar nzale tzahare ma3na ,Negative,None
@Karlsfeir bas ana akid hayda l keresh me7she 100$bills ,Positive,Joke
Habbet kif lah tsir l seaa 3 w manne ne3ssene wouuw,Positive,None
kl yom aam bouaa cheyfe kabous w maf2ouse,Negative,None
Sa77 bwefe2 .agreeğŸ˜„ğŸ˜„ ,Positive,None
@JessyRomanos aslan sourtik ktir helweh wejjik ktirr heloooo :p bas mich mbayan :$bas helo wejjik :p bas mich cheyfo bas helo wejik wayno? ,Positive,None
Mesh r7 2et3allam ma ta2il akel abl ma nem Batenjen me7sheÃ°Å¸ËœÂ,Negative,Joke
Li helo b beitchabeb ano fi 16 knise bas li ahla bkouno noson fadyin w 3al a3yed bte3jo2 ,Negative,Sarcasm
Hayda jamel lebnen ajmal nesaa elard ,Positive,None
@Fadi1Haddad seret hadra l clip 5 marat w ma 3m bchba3 meno ad ma huwe ra23 kn lezm nancy tt3amal ma3ak mn zamen tala3ta bi ahla soura :),Positive,None
W bhebo la moysy ktir ktir ,Positive,None
@shelissyaweah teslamele hayda nourik ğŸ˜,Positive,None
@HusseinAlameh @_mayarr @KRHamzeh Mayar kharabet bet twitter bhal soura enta,Negative,Bullying
@ahmadmadi12 kif l helo lyom? Miss u :( mwah ,Negative,None
@atwanlucciana mnihh w mano so3eb ktir,Positive,None
@baradaN_29 Haaaappyyyy Birrrthdaaaayyyy ya albe bhebbik ktir â™¥â™¥,Positive,None
@tatianakarakeli @carelrizkallah hahah shu helo Ã°Å¸Ëœâ€¦ tkhena2o ba3d ,Positive,Sarcasm
@S_Assi 2reft l akel ya zalame ad ma akalt lyom,Negative,None
@JamalBarakat ma helo teksouf el 3alamlamma hada yetloub mennak talab helo tlabbe!! ,Negative,None
â€œ@jado_saleh: @fawzimehio Hahahaha Top 1 smalla 270 ğŸ’ƒğŸ’ƒ btw byotla3le ğŸ˜‚ğŸ˜‚ğŸ˜‚ el top deiman ğŸ‘ŒğŸ’ƒğŸ’ƒğŸ˜˜ğŸ˜˜â€ hahaha eh smalla habbet 270ğŸ˜³,Positive,Joke
My sleeping schedule kezbe aktar men Marwan Habib ,Negative,None
@audreyakl5 aanjad proud.. ana baadne bkhaf men hal chi,Negative,None
@KrisWazen bas eno walla ana kenet ktir mnih ğŸ˜‚ ,Positive,None
"@Charbelonsky uff kenet jeye red 3leik ""like amagad""",Positive,None
Helo ktir eza finals aa respondus ana jeye tabshe aa wejje.. Chou bade aamol,Negative,Saying
@nancyramadan18 ktir aweya ma bi5alo 5waser,Positive,None
La la laa ya hollandiee chou 3am ta3emloo layleee,Negative,None
Aayne ktir aam toujaane ,Negative,None
Sar fi corona aana bel chere3 alla yestor!,Negative,None
@abdallah_7ala bonjour ya 3omri. Chu helo kel yom ou3a w leke ahla kalem men 7ala ma poupee ,Positive,Courtesy words
Hayda mfakar Sayyid l masi7 mtl Sayyid 7asan Ã°Å¸Ëœâ€šÃ°Å¸Ëœâ€š ,Negative,Sectarianism
@CybelSaliby ahhÃ°Å¸Ëœâ€š ehh w el tal3a ass2al b ktir Ã°Å¸Ëœâ€Ã°Å¸Ëœâ€š,Negative,None
Hayde lbenet 7afiz 3laya ğŸ˜‚ ,Positive,None
@G_Rizkallah be charafak chou khass naffis,Negative,None
Sa2ta men awal yom.. Helo ,Negative,Sarcasm
@FaridaZeinaty Faridaaa:( ente bta3rfe chou bene:/ haha:p ,Negative,None
@RitaKaddoum94 Hahahahahahaha ahhhhhğŸ˜‚ w beirut ma3 l wa2et betsere ta3rfeya ktir bas baddik yraw2owa,Positive,None
@DonKraidly Hahaha bs Hala2 saro khatereen ktir! Nshalla ma yejo dodna bil CL ğŸ˜‚ğŸ˜‚,Positive,None
@ReinaDannawi @nadinennjeim @khal333340 @abedfhad bas ma enti li bil souraÃ°Å¸ËœÅ“ !!,Negative,None
ok maybe ktir 3am khaffe2 bas eno 3al alile jarrabet.. Semhoune,Negative,None
@pascaleyoussef hahaha badde 3almik kelme jdide 3allamne yeha @Vince_Gebran #Ø·Ø±ÙŠØ´Ø© lol ,Positive,None
hayda laeano manik sexy metla w ente ghiyrane ,Negative,None
@MishGhareeb @WaelMansour0 ktr helo ma ma32ul sawto kn r23 ,Positive,None
Ahle 3mlo popocorn w a3adune beynetun saro yt3mune b3d chwe tafa2o ykhdule lcell bala hess sar baye yjrib ykhdo w eme kmn la ystlmuneğŸ˜‚ğŸ˜‚ğŸ˜‚ Akhhh ktir dhkttğŸ˜‚ ,Positive,None
7AYETE KEZBE MA T5ALLINE ERJA3 BALLISH BEKE ,Negative,Saying
Fasharet 3a ra2btak w ra2bit m3almak w ra2bit li khalafouk ,Negative,None
@nnejehTweets @BBCSporf epl clubs ha ytall3o KTIR masare hal sene mnel tv broadcast..so l kel ma3o masare.. ,Positive,None
bade hada ydafine ktir bared ,Negative,None
Men wen toli3 haydaÃ°Å¸ËœÂ­,Negative,None
@Bayernoholic W anaaaa hahahaha *high five* ana 1st team Barca 2nd Bayern 3rd Liverpool ;p 3amle teshkile :p festo2 joz w loz ,Positive,None
Ya ilahi shu hayda,Negative,None
Chaklo 3eyich 3a gher kawkab hayda... ,Negative,Bullying
ktir tal3a mahdume bi 3eshk l nisa2 @nadinennjeim,Positive,None
@miro_nk @dana18D @lovelymemo2000 @najwakaram ouli l7amdellah ana b7ebou ktir la 7azzi bs lama te7kini nannouj ykhalili 7azzi hahhahaha,Positive,None
Wow hayda goal !,Positive,None
@abdosfeir hadan allak ennak ktir mahdoum? :),Positive,None
@nrkhwnd Lek hole metl sahar ghadar ya alla bdon yemsho be trend l thawra bas ma bdon ykono dod l hizb,Negative,None
Atel ,Positive,None
@dimasafieddine bhebbik ktir,Positive,None
ma bheb hayete hek,Negative,None
Charlie Sheen ktir awe. Charlie Sheen ktiirr ktiir awe bi two and a half men,Positive,None
Marco el soura ktir helwe w wad7a 7atta profile pic ,Positive,None
@lea_karam ma3 batata w toum ğŸ˜ ,Positive,None
Emme bedda tfajjer l bmw wel golf la2ano elman...khedelkon ba2a,Negative,None
@eddy_hatem ahh non mna3mol tweet up 3a charafak :p,Positive,Joke
@hassanation @TheMestanefra hahahaha. Balashet gym w hek. Fa bada tekol ktir ğŸ˜‚ğŸ˜‚ ,Positive,None
@abdallah_7ala bonjour ya 3omri. Chu helo kel yom ou3a w leke ahla kalem men 7ala ma poupee ,Positive,Courtesy words
Lea ktir pedophile ğŸ˜‚ ,Negative,Bullying
@ChaficAtallah @maxwont khaye mar chabel ma hada ba arreb 3lei chou fehem ? ,Negative,None
@MMhedged ktir awiyeee ğŸ‘ğŸ‘ğŸ‘,Positive,None
@AliJMansour @BoshraTweets mafi majel lal mu2araneh haydak dress bikel me3na lkelmeh hayda charchaf ma3 berdeye lezim tnedeh bayadat lal be3 ,Negative,Bullying
7asis 3youn nancy ajram ra7 yekhtefo Ã°Å¸ËœÂ ,Negative,Bullying
Chou hal chi ?!!!!!! @hayda7akeh,Negative,None
fetet fiye siyara ana w rej3a 3a beit men beirut.. achat albe bas hasset bel darbe,Negative,None
Yi waw sar 3nna 7koume :'),Positive,None
Kinte betjanene ğŸ˜ğŸ˜ğŸ˜ ,Positive,None
"@mayadiab quoting ziad ""maya 3enda sheghel al ma ba3ref hayda shu eza manno shghel..."" The concert was great and i love the new song!",Positive,None
â€œ@_Rami_K: @TonyDaouu @carlkhoueiry @Mayharoun 3ida please ktir helweâ€ğŸ˜‚ğŸ˜‚,Positive,None
Ouaa tohdar you ana ma to2to ktir 3assabne,Negative,None
@RamyMhanna: Mish meshe l hall b hl 3asfe  m2adyina akel azda 7ash*,Negative,None
@Andrea_Hajal lek chou hayda ktir hekÃ°Å¸ËœÂ»Ã°Å¸ËœÂ»,Positive,None
Byehkoune ashkel ktir gharibe 3al kik,Negative,None
sar enfijar bi iran!!!,Negative,None
@jeanluc2 ma bhebb etmacha bellel honik ma berteh,Negative,None
@RimaNJEIM ya ramroum mech helo.baleke l sobhiye baleke bente sefaret w hiye bta3ref eno kel yom besma3 rima hope tle2ina bokra h anice day ,Positive,None
@samirsleem chou mfakarna milan ? Anw ana fe2id l amal hal sene CL so eh mafroud yta3mouna khara l layle,Negative,Foul language
@sallyhijazi habbet tattoo haifa,Positive,None
@MiguelChallita @FunnyLeb hahahaha awiye ktir :') ,Positive,None
@AndrewBachir hahah bas wla :p,Positive,Joke
shu hayawanet Ã°Å¸Ëœâ€šÃ°Å¸Ëœâ€šÃ°Å¸Ëœâ€šÃ°Å¸Ëœâ€šÃ°Å¸Ëœâ€š ,Negative,Foul language
@najwakaram ktir habbet eno tnaynetna hattin Sol Major ğŸ˜ ,Positive,None
@GaelleAbiC chou bet hebbe halik,Negative,None
@RoulaZaiter akiddd shta2telik hahaha &lt;3w ktir kamen nakasht dene w ma l2itik tlo3te mghayra esem haha yalla basita ha2 3layke ente ases hbb,Positive,None
@maria_harik w ana ktir bhbebikkkkkkk,Positive,None
Chou ossit #mentos w tde3wos ejren w ri7it ni3o. Enno ma fi afkar de3ayet a7san? #mentos,Negative,None
khserna match el football chabeb,Negative,None
Ta3e ana w yeke na3mello video Haram he's cute w twitter bale bizahe2 ,Positive,None
ktir sara333!! Kel el wa2et ide 3a albe,Negative,None
Hahahahaha ehhh ,Positive,None
@tiffanymurr Ana ktir mabsout mennik bhal lahza,Positive,None
kellak aala baadak helo ,Positive,None
tamnounii 3ala nancy! akhadoula jawza? hiyi sarla chi? w wleda kif,Negative,None
hi rje3et la hayete l tabi3ie. kifkon ? ,Positive,None
Merci ğŸ˜ la nchuf bass chou 7a yseer hall kam yom ğŸ˜‚ ,Positive,None
@AsmarMaria 3anjed eno ana aw2at lama chufik 3am tdakhne b sir ma3e bonner! Min hal ahbal hayda li ma bye2ta3 wala b2ay tari2a,Negative,Foul language
La abdon not his job to steal peopleâ€™s properties and make it his not even for the government. W ana sarah bebke bas emshe b shawere3 beirut. He completely changed the cityâ€™s identity and history. Hay ba3ed ma fetna b meliyit el dawle li nahaba. Alla yghane2lo. ,Negative,None
Sar 2was be adonis ! Helo action bel hay ,Negative,Sarcasm
Helo ktir na7esna ba3ed Ã°Å¸ËœÂ° ,Negative,Sarcasm
Bye3jebne Hayda yalle 7odir 50 Shades of Grey bass ma byo7dar Mia khalifa l2eno 7aram ,Negative,Sarcasm
@NadineElRassi @Mariane_Saad woselik saleme aw nesyetne Ã°Å¸ËœÂ knt ktir habe enzal bs ma edrt chefte el school chu bta3mulÃ°Å¸ËœÂ­,Negative,None
@Bayernoholic Hahaha wallah :p ktir aweye kenet hone :p,Positive,None
Akh ya albe ,Negative,None
@AndrewBachir toz 3leik Ã°Å¸ËœÅ“,Negative,Foul language
@DollyAyash1 W ana la7 e7darik :-) .. Yala take care b 3aj2it beirut :p ... Mwah ,Positive,None
Aanjad ana w aia ktir mnettefe2 btefham ,Positive,None
Yekhreb bayta jawza shu helo ğŸ˜‹ğŸ¤£ ,Positive,None
@perlarouhana Fi Kam Hada 3am Yhotto Dislike 3al video W Akid fi Ktir rah Yente2dou Fa 3am Zakkeroun Bi 3e2detoun ;p #LeaMakhoul #LeaMakhoul,Negative,None
Lyom da2it rfi2it 3mte w ma b3rfa w dalit thkine chi 1h w blchit 3rft habe t3mle nursing bs lyke ya joya balelik hal chghle fkre b3den eno bdk trabe wledk w ta3ab w fkre bchi ektisad w t2amne masare w ykun helo Bro ana b3rfk chi? Merci 3al nasi7a bs ma hdn talab r2yik w merci :) ,Negative,None
@whammoud14 Nsit t2oul eno sawta baado helo w 3am b sir a7la w a7la,Positive,None
@Vince_Gebran yes rahibe!!! ,Positive,None
HAHAHAHAHAHAHAHAHA SHU HAL NO3 HEDA ,Positive,None
@LeaMakhoul Hayetee Chou Helwee Hal SouraağŸ˜ğŸ˜Men Ente W Zghire Bet 3a2deeeğŸ˜ğŸ˜God Bless You BothhğŸ˜ #LeaMakhoul #LeaMakhoul,Positive,None
Shou hal costume l helo bas ğŸ˜ª ,Positive,None
@ahmadmadi12 yii shu bheb when you reply me :$ktir bnbst nshala nharak ykoun helo habibi lyom mwaaaaaaaaaaah ,Positive,None
Hahahahahahahaha ktir 3abeleeeeee ,Positive,None
Ktir bhb bass ybahdelne khaye Ã°Å¸ËœÂ¹Ã°Å¸ËœÂ¹Ã°Å¸ËœÂ¹Ã°Å¸ËœÂ¹,Negative,Sarcasm
Ansar w liverpool 3laye ktir hal2ad ,Negative,None
@LaraBouMoussa aslan fi parts manne ktir fehmeton :/ bass yalla ... 3am net3allam chinese ... Baddik ahla men hek??!:p,Negative,Sarcasm
-Lily chou ha ta3emle men ba3ed ma tetkharaje ? -nem. ,Negative,Joke
@HelenaHerdan hahahahhaha eh ktir cutee :p ,Positive,None
Akh yaret helem hayete hayda ,Negative,None
mich ma3rouf kif rah ykoun el toslih....,Negative,None
3andibak chou bekrahak Ã°Å¸Â¤â€” ,Positive,Joke
Bas enno seriously ana ele yawmen betkhayyal keef l ahadees 3am tejre bayneton 3al whatsapp group tahdeedan Hariri: ya shabeb ba3ref badna nesro2 kellna badna nesro2 hayda mettef2een 3le kellna bas afarouna wled l haram halla2 shu badna na3mel ,Negative,Sarcasm
@sxlxnv bhebek aktarktir ktir mniha hamdellah!!!,Positive,None
Leano ente no nice aa halikÃ°Å¸Â¥Âº ,Negative,None
@_Nikkiie_ w er :p,Negative,Foul language
@GhinwaOm ktir mou5ife !!,Positive,None
quarantine mch nafsell chi la kell el 3ial :(,Negative,None
@TeoJaber @NicoleNahra @GreaterThn azdak seret helo ? ğŸ˜â˜ºï¸ ,Positive,None
@ChantaleFahed3 thanks bab l helo b shouf kel shi helo ;* ,Positive,None
@Xriss_jor You Are Moree Than Amazinggggg!!!! E7sessik bl ghinniye akhdne la denye tenye...!!! :) Â«3 #MBCTheVoice #MBCTheVoice,Positive,None
Sociologic w physic w maths w helo hal sabah :) ,Negative,Sarcasm
@ChaficAtallah skot chafic ,Negative,None
@batoola_ibrahim hahaha .. ma tfakrine nese el soboh chou hkite,Positive,Joke
Ma3ke alef? 3tine alef Ya habibe law ma3e alef ma kenet benzal happy hour,Negative,Sarcasm
@miladhad sawtk helo w enta mahdum :):p ,Positive,None
Tb walla sa23a ,Negative,Known fact
Hayda lGeo byeje 3a eco bel 3arabe . W es Ã°Å¸ËœÂ© ,Negative,Foul language
@LaraAtat akidddd kel leil 3am bi fakir bi hakeh marwan charbel li bi fout bel aleb ,Negative,Sarcasm
@ElieMarioo ktir mniiihh ğŸ‘ğŸ‘ğŸ‘,Positive,None
Shu helo eno tnem w tnem w tnem w tehlam enak neyem w tou3a w terja3 tnem w tnem w tnem ..ğŸ™Šl mohem goodnight.. ,Positive,Joke
Habibi ana ykhalilik 3ayltek w yen3ad 3layki w 3layon ,Positive,None
@PerlaBouFrancis chou ya helwehhh,Positive,Courtesy words
@MishGhareeb @WaelMansour0 ktr helo ma ma32ul sawto kn r23 ,Positive,None
@JoAshkar enta rejel ktir mahdum bchaklak w7araketak,Positive,None
haraaaammmm ktir zghir hal 3asfour,Negative,None
@SarahAM99 Chou sar,Negative,None
Mertadde ,Negative,None
"Ahla shi bass yed3ouna ""li dabt l nafs"" w ""tajannoub l fetna"". Merci ya3ne 3melto sheghelkoun ktir mnih ",Negative,Sarcasm
@FawazMay eno ma byitla3le bonjour?????ahl ljnoub kerama wala chou??????,Negative,Sarcasm
Bade enjahhhhh Ã°Å¸ËœÂª ,Negative,None
math w englize tmrw helo kteerÃ°Å¸â€˜Å’Ã°Å¸ËœÂ­ ,Negative,Sarcasm
Shu hal hmar hayda ,Negative,Bullying
@MariaS_Official hahaha jamelo akid mafi ahla min hek amar mech rah n5aber hada hayda ser,Positive,None
Shilo l maze7 bas mousalsal Myriam Fares ktir awe. The story is good!,Positive,None
ykhalili hal 3youn ğŸ˜˜ ,Positive,None
Hazze l beche3 I only go TR :(,Negative,None
Ana fhmen wejhtet nazarak...bas into from your point of view ma fhmenen ino n7na ma mnosa2 la bel 7ariri wala ghayro jarabnehon ktir w kil mara feshlo kilon y3ni kilon...Meshklitna msh bas mshklet mataleb..mshkletna meshklet the2a w la7 ndal n7arebon w 3lyna w 3ala 23de2na... ,Negative,None
@cherif_allam hottellak chi soura m3atmeh aktar,Negative,Bullying
@eyadnakad 2-hayda el tefkir li 3am yjer el balad la fetan mazhabiye w 3ayb nda7ek a3de2 3layna ,Negative,Sectarianism
Eza metet mn l sa23a tzakaro ene bhebkon,Negative,Joke
Friend : man chou sayir ma3ak nezil akel bel bouza wel sweets ? Me : mberi7 3emil se3ten sport 3am jarrib rawwe7on,Positive,Joke
Chaklo nabil sar chater bel Teswir ğŸ‘ğŸ¼ğŸ‘ŒğŸ» ,Positive,None
according to oomf ana nes7an wejje sar ansa7 bas eza habb l hawa w ramani bsir b beirut,Negative,Joke
@Ghinwa_10 chou ya helwee kifnaa ?,Positive,None
ktir z3elet 3anjaddd,Negative,None
Bhbk â¤ï¸ ,Positive,None
Bta3rfo shou l helo bhayda l ta2es? ,Positive,None
@JeanPaul87 ana hek.. hal chi mich mrayahne abadan.. allah yestor,Negative,None
chou wade3 l ghanam be jbeil????? ,Negative,None
@atwanlucciana ANNNNNNN NEWTON MAHAL LL AKEL,Positive,None
NAJIIBB ANA BHEBAK KTIR @NajibDagher1,Positive,None
"@raedhassoun lech hek mfkrni bkrah l barouk ana ru7i m3l2a bl barouk bas bkrah nesa ""7awach"" ğŸ˜Š",Negative,None
ktir bi dahhik el maw2af,Positive,None
Msh 3m la7e2 jowa w barra Ã°Å¸â„¢â€Ã°Å¸Ëœâ€šÃ°Å¸Ëœâ€šÃ°Å¸Ëœâ€š ,Negative,Joke
@RomyMChaoui uf oui fhemet! Hahah chou bekee??-.-,Negative,None
@DayanaElHachem hahah ta3e kele fi ktir:p,Positive,None
@RimaNJEIM chou ra2yik ta3tina quote tomorrow ?! Chta2na!,Positive,None
Se3a 3 ma ba3refak...3anjad 3am tehkune fb chat ? ,Negative,Sarcasm
Ya3ne habakit ma3e ekoul popcorn mahrou2 halla2 w kassir snene ,Negative,None
@mariagilmour6 yemken hayda 3anjad helem ,Negative,None
@MohamadJalloul_ Jalloul jeble username nasser ibrahim hayda m3 l milan halllllllla2:p ,Positive,None
Teb ma mammiiii bede bouzaaaa,Negative,None
Le amir ktir helo?ğŸ˜‚ badde yee please godğŸ˜,Positive,None
@sallyhijazi hahahahahahhahahahahahahhahha wlak chou khasneh anaaaa entehhhh 3am t2elile ken ra7 yejeh lol,Positive,None
yareet hyete metlik @valerieabouchacra kenet b3ich b alf kheir. mich metel haallaa bmout w biich la ekol leema,Negative,None
Men aleb el forn w men kell albna. Men2elkoun sa7tein 3a albkoun. â˜ï¸ 01-324222 or 71-228282 â˜ï¸ #Boutata #eatmorepotatoes #BoutataLebanon #SimplyDelicious #bakedpotatoes #jacketpotatoesâ€¦ https://www.instagram.com/p/Bt0_O16g5Db/?utm_source=ig_twitter_share&amp;igshid=14oqrg84334uf #Boutata #eatmorepotatoes #BoutataLebanon #SimplyDelicious #bakedpotatoes #jacketpotatoes,Positive,None
La2 msh ana! ,Negative,None
Chou lal chaba3 el infijaret ,Negative,None
Guys l 3alam l sawton helo &gt;&gt;&gt;&gt;&gt; ,Positive,None
ya delliii chou sayer barraaaa,Negative,None
ana as7abe byet7amaloune hayda lfare2ğŸ˜‚ ,Positive,None
Ktir zaha2 w ktir shob.,Negative,None
"Halla2 Yemkin ""Hayda Hake"" Byeshbah CHWAY Program Bassem Youssef..Mesh Mhem..El Mhem Eno El Program Men Awwal Hal2a Nejih..!! Great Job All",Positive,None
sarle sene bjarreb et3allam guitar w mch aam tezbat .. khalas ma ba2 rah jarreb :/,Negative,None
#3aBele pasta metel te3ul @thesofaqueen ktir taybin!! #3aBele,Positive,None
donald trump? donald duck b zyede aa raebtak w ktir kamen,Negative,Bullying
awlkon byaarfo shou yaane Ø­ÙƒÙˆÙ…Ø© ØªØµØ±ÙŠÙ Ø£Ø¹Ù…Ø§Ù„? bshekk bl mawdou3. ,Negative,Sarcasm
ma twa2a3et hek chi menno! disappointed.,Negative,None
@camsafa CHOU AWEEE,Positive,None
@christybarakat ken fi ktir talej bs 3elyet el harara ktir so faraya msakra ARZ MSAKRA fi bs laklouk wel laklouk&lt;&lt;&lt;,Negative,Known fact
@alii_wehbi hahaha shu hayda ya 3ayda :p,Positive,None
Ma 3am befham ma ken lwade3 mni7 chou li fawa3o heikkk,Negative,None
@aziz1617 la2ano ktir z3elet ana... Hahahahaha btw ya habiile unfollowed**** ,Negative,None
bara lebnen ya kalb ento 5hayneen ,Negative,None
fi rehet bakhour ktir awiye.. what are my neighbors summoning ,Negative,Joke
Ya3neh cherket samaaaaaaa hiyeh lreb7aneh l akbar cz fi ktir 3alam chtaro lcart w halla2 ha yedfa3ouloun to3wid hahahahha so reb7anin,Positive,None
Ya aame anjad baarf eno sawte mez3ej w mesh helo w metl lm3zeye bas ana ray7 aal hafle la enbost w sare5 w 8ani ma3a mesh ta 23od  khalass tsay7osh aalye ,Negative,None
ma habbet kif kholsit el season :( #you,Negative,None
People like you give us hope ğŸ™ğŸ» ba3rif kaza hada hek w ktir bombosit bas a3rif Bravo and i really wish everyone can do thatâœŒğŸ» ,Positive,None
Ana hesis rah trouh 3layna ana heik sheyif...maximum khalas iza ma meshe hal l balad men hejir men3ish b balad yalle 3eyshin fi l 3awniye balad akho maniouke shaklo ma baerf wein bas balad ktiir helo ,Negative,Sarcasm
Ma fi ktir hawa Ã°Å¸â„¢â€ ,Negative,None
@Malaakannan Hahaha ktir da77akne walla :p,Positive,None
Ok ktir ma ele jlede nemchou el 3amal? ,Negative,None
@AmmarFadlallah @HadyDoughman 3ayb 3lek ya sayid..zolom hayda biseer :P,Negative,Sarcasm
feyte bi depression ma btefham,Negative,None
@dominicabuhanna hahaha min allak bade mout :p ma ykoun l akel msammam ğŸ˜’ wlak sa77a w hana 3a2albak :*,Positive,Joke
Lama es7aaa men nawmmm Nadafe kel yawmmm Ma bensiya chou ma sar ,Positive,Saying
at least menkhare helo ,Positive,None
3an jadd chou alabte 90 daraje ,Negative,Saying
@funzip hahaha wlak ehhh hek bade yek,Positive,None
Ana bente7er ,Negative,None
@stephy_saliba ktr helo heyda l lon habet :) ,Positive,None
@Mostaphaki @lollanasser2 @ellananoss @rama_ajram @tayemooriya Salmmtek Lama ,Positive,None
ekher marra sar heke kenet rah aamel ta7teeeee so la2 ma bchil,Negative,None
Me: *jumps off the chair* Woah shou hayda? dabbour? Cousin: wlk lah. hayda sarsour. bi tir. mn 3ashiye. Me: *drives back to Beirut* ,Negative,Joke
Sa2ta men awal yom.. Helo ,Negative,Sarcasm
@RounyCh maaaan  ktir 7elwe ğŸ˜ğŸ˜µğŸ˜«,Positive,None
Walla ana chakhsiyan ktir fakhoura bi baladiyit beyrouth! Maddidoula!,Positive,None
Man2oushe jebne be 100000LL #HelloHyperinflation #HelloHyperinflation,Negative,Sarcasm
Ktir zaha2,Negative,Known fact
@CarlZ_15 hahahahahh (Y) eh bas l helo eno akid lah yet2akharo la yotla3o les notes  coe dhabitude ! ;p ,Positive,None
@fakihn @AbouJaoudehTony eh walla la nedhak w nesma3 l sot l helo wl ebde3 can't wait for tmw ,Positive,None
A7la chi wa2ta ytalet telephone.... Chou mnonbosit :p ,Negative,Sarcasm
@NayaAlemBatchir sabahik 3asal ya habibtii nshala nharik ykoun helo ya ekhti l ghalyaaa mwahhh :* ,Positive,None
ktir be3tal hamm okhbos hada ana w sey2a 3al autostrade,Negative,None
Ya hala bel 7abayeb... #Tfaddalo! #morning #coffee in the #village. #LebaneseCoffee @Lebanon https://www.instagram.com/p/BqY0LgNhqZB/?utm_source=ig_twitter_share&amp;igshid=1oz9c58n0ncpl #Tfaddalo #morning #coffee #village #LebaneseCoffee,Positive,None
Ba3ed fi sette ma 3emlet make up tutorial,Negative,Sarcasm
@AliKaraki91 no hl2 b2ulo b7bik metel el mar7aba l7ob sar bayekh ktir,Negative,None
@mhamadallouch @Paulastih @Zeytoona ğŸ˜˜ğŸ˜˜ğŸ˜˜ aloushii 3yunak el helwen beshufu kel she helo ğŸ˜‰ ,Positive,None
@rawan_saade hahaha monsieur ma5ta w monsieur hari2 @Charbelmkrzl ,Positive,Joke
@kobebryant RIP aanjad ma aam sadde2 #kobeandgianna,Negative,None
@GODjr_beirut meen al eno aslan 3am dawer 3a hadan mn h! jenes adam?!,Negative,None
@Cybele_reaidy @ChaficAtallah ma fi ra7a,Negative,None
@KarlaBoutros helo ktr ma 3m b2dar ma e7daro :) ,Positive,None
#growingupwithjoebesidemeinclass Me: khalas khallina nru2 hay l seea Joe: shu ra2yik n7ottollo ebre aal kerse lal estez w yeje ye23ud aalayaaa ??? Me: yaa ktir innnn @JoeSawma2 #growingupwithjoebesidemeinclass,Positive,Joke
@beainio Wlak yeslam timmak 3ala hal 7akki...ktir saar fi bala sharaf!!!! ,Negative,Foul language
Shu hayda il AUB ma fi nafas jowwa :P l3amma hrabet :P ,Negative,None
lil asaf mich rah netghyar bi souhoule,Negative,None
ğŸ¤£ğŸ¤£ğŸ¤£ğŸ¤£ ktir byechbaho ba3d ka2anon tom ,Positive,None
@MarcRashed4 enta ktir sa2il,Negative,Bullying
Soukleen kenit 3am tekhid milliard zyede chu 3am thke milliard bta3ml ktir. Tol3it lriha msh mn wara soukleen bs mn wara wen 3am bi kebo lzbelee bs em lcha3eb eno 3am bi mouto mnel riha bl costa brava w bl ne3me ,Negative,None
Ma atyabo â¤ï¸ ,Positive,None
Barke la2an ma beda ta3te ra2ma Ã°Å¸Â¤Â·Ã°Å¸ÂÂ»Ã¢â‚¬ÂÃ¢â„¢â‚¬Ã¯Â¸Â ,Negative,None
ma tezaalo bas hada ghayre mesh eder yesmaa sot ariana ba2a? besmaa sawta aktar men sot emme w emme ktir bet ne2 ,Negative,Sarcasm
saraha kel hayetna rah tetghayar men wara el corona chi ma bi tammenn :/,Negative,None
Hahahahaha eh yalla ,Positive,None
Bonjour 30 alef 95 w bala ma totala3 3a fkhade merci,Negative,None
Bnj rima ana 3ende mared tawahod ma3am le2ilo mo2asase wma ma3e hoto bas ma hada 3m ydelne bade mo2asase beirut aw l b2a3 bkun mamnuntek ,Negative,None
"Aw enn l ahla men hek hay li btelbesle crop top b noss din l sa23a w l talej w bte23ad tne2 ""Msa23aaa"" ""Ya alla ktir sa23aa"" N2ebre lbese. ",Negative,None
tlo3et bel booster mnih ma 3melet sakte albie,Negative,None
Helo l hobb bess mch helo l habal ,Negative,Sarcasm
@RitaKaddoum94 Hahahahahahaha ahhhhhğŸ˜‚ w beirut ma3 l wa2et betsere ta3rfeya ktir bas baddik yraw2owa ,Positive,None
el nes kella mlabbake w feyte bba3da.. w ana wahde menon 3etlene ham w khayfe men kel chi,Negative,None
@saraabik ra23a Sara temsilik ktr helo kl yom 3m hebik aktar 5asatan dawrk bi ittiham :) ,Positive,None
fahhachet men ba3d fahes el math!! what the hell chou ya3ne cosinus w sinusss,Negative,None
Chtaet odhar w rouh w eje enooo 3ishğŸ˜©,Negative,None
@LamaGhaddar05 ma ktir tsad2e jaridet. Lakhbar,Negative,None
@najwakaram ya 7abibet albe ente... natrin nehna 3a nar el song yey chou m7ammaseeee b7ebbikkk,Positive,None
@Kami2kira hayda shi beshaheeeee ? :s,Negative,None
@KristySamarani awww helo hek niyelikk hahahahah erbit tokhlas l skl erbit ,Positive,None
@kamilKfoury yeah yom ktir helo bukra :p ,Negative,Sarcasm
@Patricia_Hachem Chu helo lebnen huwe w abyad byftah l nafes w bnasina masheklo ,Positive,None
@KamelTabbara 7elo ktir b koun l group kelna mnel3ab 7elo,Positive,None
"@Cybele_reaidy bi kouno msh aryin shi mnel enjil gher verse wehde w bi hotoua ""favorite verse"" shou fahamik..",Negative,None
@halafeghaly ana kamen akhadet off hehehe now bel beit heheh chou lplan la lyom ?,Positive,None
@ramonak23 @MarwaElMarouk Ã°Å¸ËœÂ²Ã°Å¸ËœÂ²Ã°Å¸ËœÂ²Ã°Å¸ËœÂ°Ã°Å¸ËœÂ°chou hayda ya 3ayb el choum,Negative,None
@paulzakher1 ya bayiii ktir cute ğŸ˜,Positive,None
@Ritarouhana helo ktir. Eza badkoun tejo kelkoun ouloula la nawal tjebelna van akbar :P. Ba3doun 3am bi rouho bel van li bi se3 nos wahad? ,Negative,Sarcasm
The two goals ma keno goals so ma tombosto ktirâ¤ï¸.,Negative,None
Chou awe the GoalKeeper,Positive,None
ya alla hal shab sawto ktir 7elo metlo ,Positive,None
yaaaaaqa wli kif zekra ,Positive,None
@mazenmoadam mazenn natrinakk b 3amal helo metel ekhtarab l7ay kna nteb3o 3atoull kter heloo ,Positive,None
Chou hatta khasseh 3a rasa,Negative,Bullying
#ConfessionNight chaareh chi ktir astaze #ConfessionNight,Positive,None
@fouadkhreis shaklon ktir cute,Positive,None
W khazza2nehon 3ala ardon ğŸ˜Œ Akh shu helo l INTISAAAR â¤ï¸ ,Positive,None
LEBANON â™¥ ma fi metel beirut!! ,Positive,None
hlemet eno kenet 3am bou2a3 men el chebbek,Negative,None
@ayoubiemma looooool ktir helo bas enteh ahlaaa yo2broneh modelik chou helweh ,Positive,None
Hahahahahahahahahahahahahahahahahaha ktir awiyye ,Positive,None
Bassam bte7lam feyon lal syesye bel leil as a nightmare? :) ,Negative,Sarcasm
kif fine edros ,Negative,None
ma betzakkar chi helo men toufoulte,Negative,None
hayda eli byefhamo fi lal asaf! ,Negative,None
Hek faj2a twitter bi arrir ma ya3mel tweet lal soura li beddeh nazzela shu haydaaa :( #ElissaEditorInChiefJamaloukiMag #ElissaEditorInChiefJamaloukiMag,Negative,None
@JenniferHilaly b3atiile soura ğŸ˜â¤ï¸,Positive,None
Chou awe tevez,Positive,None
@adelkaram9 man enta ktir talentedddd ^_^ Bravo to the team (y) @fakihn @TareckKaram ! L episode bt3a2iid :D @hayda7akeh #hayda7akeh #hayda7akeh,Positive,None
@SandroMsaed @najwakaram @alimouinjaber @ArabsGotTalent rah ywa2e3a 3a chway chou el ossaaaaa,Negative,None
@salibareema sarit men hol lclass li ma behko ma3 nesss mich ktir famous,Negative,None
Leh l2aswat helwe ktir llayle?,Positive,None
Merci ğŸ˜ la nchuf bass chou 7a yseer hall kam yom ğŸ˜‚ ,Positive,None
ahla wehddeee waw 3anjad BombAğŸ‘ğŸ˜‚ğŸ˜‚ğŸ‘‹ ,Positive,None
Ayre ktir z3elet eno hek alle,Negative,Foul language
ANA KTIR MABSOUTA HALLA2 ,Positive,None
4.15 - 7.20 Home sweet home.. #TrafficJam Bi 2oulo tjanabo lebnen lech fi a7la men lebnen? #TrafficJam,Negative,Sarcasm
lezem emme tomdile fahess el svt w jeybe 7/20 :/,Negative,None
Ana mbere7 khalaset Stranger Things Kteer awe ğŸ˜ ,Positive,None
@samrajoanna @joseph_rehayem pff shou hayda ma tlo3na bi natije mou2ni3a :p,Negative,Joke
@yarakreidi man men chway kenet 3melet accident ba3dne la halla2 3m berjof,Negative,None
ma tenso tfouto 3al hemmem abel ma trouho long road trip w nchallah btetsallo on sunday ^^ *,Positive,None
Btw l goalkeeper ktir feshil ma byet7arrak 3nj afshal fari2,Negative,None
Man Salem Zahran man ktir bhebak ,Positive,None
@sallyhijazi hayda no3 helo metlik,Positive,None
Ya alla chou helwe rihit l iFoss bl chatwiye ğŸ˜ ,Positive,None
ktir 7elo dress @elissakh #BIAF2014 #BIAF2014,Positive,None
Pao ktir bhebbik â¤ï¸ ,Positive,None
@hazoon2014 chou beneh ???,Negative,None
dakhilik ana natra el apocalypse la ekhlas men hmoume ,Negative,Sarcasm
Wel3aani with ma3 3aylet #Alama  ğŸ”¥ğŸ˜ #ElliBaana @raghebalama @jihanalame @khaledralama @louaialama @Beirut Lebanon https://www.instagram.com/p/BqXCFeWHsRV/?utm_source=ig_twitter_share&amp;igshid=n100s7gsfqns #Alama #ElliBaana,Positive,None
@JosephNehme1995 kl soura ajmal mn l tene ,Positive,None
@nadinezeidane @HalaElite1 hahahahahhaha lol tab tante hala ktir bhebba w mahdoumeh w aribeh lal aleb w tayoube w helweh w ana maghroum fiya,Positive,None
allah lech hek khala2ne? :( :(,Negative,None
-malla a7lam ya zalame -eh man sa2ile ktir - lah ya zake mbere7 shefet kaza 7elem b maneme khefet ktir.,Positive,Joke
@tamareldahr @BobBakour el cnxn ktir bati2a badde shi 4 snin la ohdaro kello,Negative,Sarcasm
chi bi bakke el wade3,Negative,None
Ya deli 3alikon be hal sa23a allah y2wikon ,Negative,None
Ma hada bi hemmo ,Negative,None
nchallah yemche el hal.. 3m salle la ma ysir chi yefkos el khabrie kella,Negative,None
Kelshi b wa2to helo âœŒ ,Positive,Saying
Bt fidne bt fidneğŸ˜‚ğŸ˜‚ ,Positive,None
@D_AJ_ ye3neh ntartineh la odhar min beirut la tinzaleh 3al hamra??? ;( ,Negative,None
Saba7 l5er wlsalem beirut ,Positive,None
@chefrinz allah y5alikon la ba3es w ydim el wefe2 :) ma tel3abilon ktir bi 3a2leton lal sabaya bokra men battel nle2i sabiyi netjawaza :p ,Positive,None
@ItsMariaCosta @CauseWereGuys el nekte tahet el sourağŸ˜‚ğŸ˜‚,Positive,None
Good luck Saly Greig.. haz helo metel 3atoul ya lebnen #misslebanon #MissWorld2014 #misslebanon #MissWorld2014,Positive,None
Bonjour @RimaNJEIM chou helo Eno hala2 Sar fineh esma3ik kel yom ma3 my new job ğŸ˜„ btw min Ghanna El tertileh lyom ?,Positive,None
Kazem el saher ahla w ahdam w aklas 3alam #MBCTheVoice #MBCTheVoice,Positive,None
@vanessabyounes @adelkaram9 chou halll hadeyaaa li ha2oun 20 000 ll majaleh 5000 ll w cd 1000 ll w 3elbet barazi2 16 000ll la2 bas mkalaf,Negative,Sarcasm
Hayda ensen marid ,Negative,None
HA ! Tiz baydte rebhet,Positive,None
Betzakar chou ken 7elo w abyad l fostanğŸ˜‚ğŸ˜‚ ,Positive,None
@HichamHaddad57 HAHAHAHAHAHA awyye ktir hay!,Positive,None
Chou helo hal balad moukhayamet w sle7 w 3adeh :p ,Negative,Sarcasm
@AliJMansour @HaifaWehbe trikou y3aweh la 7alo ana ma 7a 2ora chu 2al hayda lwateh ra7it 3lei ra7 ymout min ghirto mn naje7at haifa !,Negative,None
@najwakaram chta2nelek ktir,Positive,None
@NinarElkak chou beke Neuer. Mouhejim,Negative,Bullying
WLE SHOU HAYDA WLE YNWA YNWAYNWAYNWA YA3NE MA BYETRABBO WLED EL HARAM KHALS,Negative,None
Ta3a la hebak chweh ktir ğŸ˜Œ,Positive,None
ma 3nde wala soura zabta ma3 ekhte..,Negative,None
liom bel madrasse 3 achkhass aloule enne nas7a w lezem enteher,Negative,Bullying
ktir mehtar iza bhot aw la2 aashan men zaman bade jeeb Dzeko shirt ,Negative,None
Oh my God chou awe hal zalame ğŸ˜‚ğŸ˜‚ğŸ˜‚ğŸ˜‚ğŸ˜ğŸ˜ğŸ˜ ,Positive,None
Ma assart ma mbayne aslan chou hiye ,Negative,None
@TarekTamo HAHAHAHAHAHAHA hamdellah ana w khaye mnetefe2 bel football:p bas mara 3al goal nfa3alna ktir so dad fakar khaye kasar shiğŸŒ,Positive,None
@zeinabkassab ktir sexy ente,Positive,None
Ya alla chou helwe rihit l iFoss bl chatwiye ğŸ˜ ,Positive,None
@joem8394 @SecretStory_TF1 hahHa ktir helo :p nyeloun :p ,Positive,None
Da5il rabbak sho btefhaaaaaam ğŸ˜ğŸ˜ğŸ˜ğŸ˜ ,Positive,None
W eerr shou helo hal matchhğŸ˜ğŸ˜ğŸ˜ğŸ˜ ,Positive,Foul language
@HajjJessica lalalala maf3oul l te2dim hayda lalalalalala ana? Lalalala n3adet menik xp lalalalala ,Positive,None
@perla_noun yhh :( bass helo el mawdou3 ,Negative,None
@koukimak eh niyelikk ana soret bel akel part ğŸ˜‚ğŸ˜‚,Positive,None
Chu hal di3aye la beirut beer 3am fattich 3al refrain w 3a refrain y2echkun 2ach nchalla ,Negative,None
Tkheyalo yjibo wazir trbiya super byfham w ychlna ltarikh kello mn lprogramme ADEY WAW?!ğŸ˜ğŸ˜ BASS TKHEYALOOO ,Positive,None
chou rah ysir fina ba3d kam chaher??? :O,Negative,None
Eza 8enneyet l musalsal la marwan khoury 3refo enu l musalsal helo. ,Positive,None
@MahdoumeAna hahaha keno kellon 5ateyra keno 3m y2oulo chou m2a3edon ma3na hole:P,Positive,None
corona woslet 3a lebneeennnn kif rah nkaffe???,Negative,None
chta2tellik ya sette :( ... baaref ente ma3na kel yom,Negative,None
Ughhh teb. ,Negative,None
@Charbelonsky @JuniiiR eza tom ford tole3 ma3ak hek c grave :p,Negative,Sarcasm
@Joud hahahahhahahahahahahaah .. ehhhh sushiii a7san shi bl 7ayet la ma3loumetak :p w 7a tshoufa ktir :p ,Positive,None
Shi ahla min el helo ,Positive,None
saraha mahada bieb2a bi hayete khlas ma bede jareb ba2a,Negative,None
tale3le habbe 3a sandihte w ele chaher 3m ba3mel daily routine,Negative,None
Ya allah ayshek queen ,Positive,None
"emme bet 3ayyetlna ""beit bou sambousik"" ",Positive,None
i loveyou hbibt albi w ruhi anti â¤ï¸ @kawtharhadaya ,Positive,None
Ktir helo lon l eclador taba3ke ,Positive,None
haram ktir zghire kenett,Negative,None
Ktir habile ente ,Negative,Bullying
guys.. confession.. taraket sahebte mberha,Negative,None
3am tehke 3anak ya bro Ã°Å¸Ëœâ€šÃ°Å¸Ëœâ€š @Gebran_Bassil ,Negative,Bullying
@NaylaNicolas 3anjad.. Hayda she ilwa7ed le ma 3am ba3ref 7ebo Ã°Å¸â„¢Ë† bonjourek have a nice day Ã°Å¸ËœËœ,Negative,None
twaffet jaretna men se3ten,Negative,None
@Myriam_Khalil exactly. Yemken shi soura mn asel 10 ele la ya3rfo ysawroune.,Negative,Joke
@xnxxporn2002 waw ktir helo ,Positive,None
@StaracArabia lech w chou sabab ma3am thetou gheniyet mabtes2alch 3alaye li ghanetha kenza ????la2an mbayna ghada rah yaf2a3 2alba men lghir,Negative,Bullying
@RonnyHajj ktir bhebak ana teb âœ…,Positive,None
@TonyKhalifeh hayda libnen l 7ilo ,Positive,None
@StaracArabia 2ahdam chi lea welie 2ekhdine dor jader yeaner ktir majdoumine,Positive,None
@AbouNajemElie ltagha l machrou3 w chakle metlak 7a nem ;) w chakle 7a esba2ak loll ,Negative,None
@SarahKaddoura @elissakh @merhebmandy me too helo shi nafas argele honeek ğŸ˜ ,Positive,None
kir z3elet mennik,Negative,None
@NancyAjram @Fadi1Haddad waw amaising ktr helo habeyto ktr :),Positive,None
Agml kol sana w anta tib ya alby w yarb tkon sana s3eda 3lek yarb w th'2 kol alnfsk feh ğŸ’•ğŸ’•ğŸ’• ,Positive,None
@TarekTamo eh eh ahla sahraaa,Positive,None
mich eder ontor ba2a bede jib vip ticket ,Positive,None
Ohhh lalala chu hayda kino lizim ybusukon lol ,Positive,Sarcasm
Aywa arze Chou Hayda ,Positive,None
Ma2oule ba3dna bala houkoume 3an jad chou ktir so3be,Negative,None
@VaniaAoun bas ana mabsouta fiyoun hatta hashtag fashion paris w stylish w medreh chou lol,Positive,None
Wlik chou hal hadame ya nadineeeeeee @nadinennjeim,Positive,None
@Mohamad_kaiss and Finally Lah Nshufakkk Bukra Btsade2 Ktir Mabsuta w Heik Hasesta Hal2a Ha T3awed l far2 Kelu w Tkaser L dene ğŸ˜ best Prog ,Positive,None
Ahla birthday girl f eldonia kolhağŸ’–ğŸ’–ğŸ’–ğŸ’–ğŸ¥³ ,Positive,None
3am chuf m3alem l shawarma b mar mikhael aktar ma 3am chuf baye ,Negative,Joke
Lareine enteh ahla guitarist bel balad kaffeh da2 ktir helo da2ik really ,Positive,None
@ola_krayem ana kenet 9 bas la2anu fi faute d'orthographe ktir shelet 1,Negative,None
Ktir zaha2 wlo,Negative,None
Nobody said enu henee mush gheltaneeen ana akidd akidd doodd hyda shi bas kamen huwe maken lezm ydal we2eff w yba3edd w kholsit ,Negative,None
Hayde me3de ha? Hayda kiss nailon!,Negative,Sarcasm
@OSalem96 Bro shu 3m tebke.. beirut ma3a esshel,Negative,None
@gracichamieh6 @paolakassar @noelabichedid ana ze3len menkon kelkon,Negative,None
chouuu???? kiff hekkk?,Negative,None
@Lak3ade: Mazel 7adertik be hal moustawa w hal ahammiyye.. Leh mch sem3in 3annik babe ? #MTVLEBANON #mtv #MTVLEBANON #mtv,Negative,None
Ma ele jlede ,Negative,None
@MiledEl_Hayek ouff man mabrouk  chou mfakkar techtere fiyoun ğŸ˜‚ ,Positive,None
hada metle ma byonboset bas ychouf ref2at elk madrase?,Negative,None
Hahahahahahahaha ktir 3abeleeeeee ,Positive,None
La2 ma fik tkun hal2ad betkhaze2 bel badle,Positive,None
Ana lezim arrir b asra3 wa2et chou bade etkhasas aw jem3a. Bass la chouu ,Negative,Sarcasm
Bro i live in a 50*C country w ma bhayeta ra2bte htar2it w asharit bas jeet 3a beirut sar hek leh... ,Negative,None
Eloun tlet se3at ben Dubai w Marmaris w ma na2o ! Walla lebnen ahla be ktir :/,Negative,None
#LeaMAkhoul lea makhoul min mabihebik min yekhrb bayton chou mjenin #LeaMAkhoul,Positive,None
Ã¢â‚¬Å“@Vince_Gebran: Halla2 ma3 kil event lÃƒÂ©zÃƒÂ©m yÃƒÂ©n3amal ma tÃƒÂ©nso t7otto sa2ÃƒÂ©f #Anti #Swari5. Just for safety.Ã¢â‚¬Â Loool #Anti #Swari5,Negative,Joke
#haz_mafi hayda li ahlou me7tarin ydakhlou lau aw aub tab ma leeeeeeh ???? #haz_mafi,Negative,None
@OlaKaram @sarahstarac mn waleaaa chou 3na #Lea_kenza_best_sisters #Lea_kenza_best_sisters,Positive,None
bayye ktir m3assab  ma bede choufo hl2,Negative,None
ikr HAHAHAHA ken lezim nazil soura ,Positive,None
Yaaa hahahahahahaha w er shu hayda Ã°Å¸Ëœâ€š,Positive,Foul language
mane edra ethammal za3al w aher aktar men hek,Negative,None
@MariaaYasminee @MhdDankar @marwan_fd @CarmenChammas No marwan bi7ebna ğŸ˜Œ ,Positive,None
tab 3anjad haLa2 ma hassin wade3 l balad zbele w rayheen aa mahal ktir majhool cause kellu ale3ib? ,Negative,None
@gaellechidiacc ktirğŸ˜‚ğŸ˜­ ,Positive,None
#LeaMakhoul Ù„ÙŠØ§Ù…Ø®ÙˆÙ„ wlek bjen 3layki wfiki bmout hayk mne3cha2 bi beirut #LeaMakhoul,Positive,None
meto kel el pupies :(,Negative,None
Hahahaha nazel 3laye el nashat el youm  doing sport 3a akher hal lel ğŸ˜‚ğŸ˜‚ come join ğŸ˜‚ ,Positive,None
Wtf chou khas erdogan bl mouzaharaÃ°Å¸ËœÂ³ ,Negative,Foul language
w3it m2akhra ktirr..,Negative,None
Chou khass tozz bmarhaba? ,Negative,Saying
@TheBeardedPirlo ya 3ame eh w ktir helwe :p bass eno bi2ela b3atiyon taxi bt2ello hal2 beb3aton wtsp? Ymashoona ,Negative,None
Bhbak ,Positive,None
Lyom B2akkid Eno Reports @AkikiJoyce Ktir Moumayyazin !! Dakhlik 3ande Sou2al Zghir: Btetzakkare Chou Awwal Report 3melti Bel MTV?,Positive,None
ohhhhhhh . awiyye ktir hayde ğŸ˜ğŸ˜ğŸ˜ğŸ˜ ,Positive,None
yummy akalet akel 3arabeh w shrebet ahwehğŸ˜‚ğŸ‘ŒğŸ‘Œ3 weeks bala hal shi,Positive,None
Msh masmouh ade fi sa23a,Negative,None
Pao ktir bhebbik â¤ï¸ ,Positive,None
Shu b7bk ya #beirut #beirut,Positive,None
@Elioh95 hayda l jant ana m2akad. Jareb dallak tedahak w tkoun mabsout ad ma fik. Fik tsoh 10% asra3 eza kent mabsout mahal ze3len,Positive,None
â€œ@alainabouarra: Kholsit kholsit ossetna kanet ossa helwi ktir byebye byebye byebye ya helwin HEKME ğŸ’šğŸ’šâ€,Positive,Sarcasm
ana ktir bech3a,Negative,None
@lylymaalouf madame ma t2aderbo ktir bedna nkhaless bakir :p,Negative,Joke
@TerrAyoun @Gebran_Bassil lesh n7na badna nsta2bel wnt7amal 3ala 7sebna aktar men ta2tna wbel e5er ele awaynhon byt3anona bdahrna ,Negative,Saying
@elissakh awal ma fe2t staf2adet 7ali ğŸ™ŠğŸ˜‚ Adore you ğŸ˜Œâ™¥ï¸â™¥ï¸â™¥ï¸ ,Positive,None
"@Yasmeen_Sidani: @LebaneseSchools: 3am fakir efta7 l shanta - a lebanese student's thoughts"" Hayda eza le2ayta lal shanta"" Hahahhhahahhah",Positive,Joke
"@Jane_deeb: @ayakhoury: â€œ@Jane_deeb: Greatt dayâ€ eh great""hahaha eno gher el akel c etait bien :"")""Hahahaha",Positive,None
3am y2oulo el nes ktir 3m tesro2 lately!,Negative,None
WALAW KHATAF BENTA! Hal mousalsal ktir bi zaail!,Negative,None
@Sami_Aoun_7 man @PaulGhanem 3ayouch bado yrou7 ma3 marwan w roberto w baraket yeskaro Ã°Å¸Ëœâ€œ ,Negative,None
Lk badi a3ref li 7eko 3a set najwa la2na 7ata salib ra7o 7esabo w rej3o w tol3o mn ahel l jani lk feye a3ref chou hayda takhalof allah wa7ad ,Negative,Sectarianism
Chou ra2ykoun l Joker houwe yla3bkoun? HAHA3HAHA3HA3 ,Positive,None
3anjad hayda enta ? Ma 3reftak!,Positive,None
Btaaerfo adde l maths helo wa2ta tkouno aam tefhamo shu aam teketbo w hek?ğŸ˜»ğŸ˜» ,Positive,None
@AndrewBachir bass wla,Negative,None
Hahahah eh yalla ğŸš€ ,Positive,None
@najwakaram Chou nanouj kel chway rt ma fi elna mar7aba kifkon chta2tlkonğŸ˜˜ ento chta2touli ğŸ˜ ,Positive,None
na2alna el jara 3al machfa... ba3d ma 3refna chou sar ma3a . bas a3ref bkhaberkon :s,Negative,None
Woah kenet nkhabaset... le ma meshe asra3 w khabasneÃ°Å¸ËœÂ³Ã°Å¸ËœÂ¡ ,Negative,Sarcasm
lah helo short hair ,Positive,Courtesy words
yu2brnee jamelo pepe :p tfeh shu beche3 bas li kanze por la decima ma7leto ,Negative,None
Hayda al haki al sah ,Positive,None
Mammiiii hara2et ide,Negative,None
Ktir mdaperse liom  ma32oul la2n rje3t aal jemaa ?Ã°Å¸ËœÂ«Ã°Å¸ËœÂ« ,Negative,None
@OsamaRahhal9 @tonyrizk_963 man ktir sa23a b Zahle l 7arara shi -5 !,Negative,None
Nshalla te7teri2 ,Negative,None
@mtvlebanon ktir 7lou ,Positive,None
@sallyhijazi chou houwehhhh li ken la7 yejehhh haahahha :p,Positive,None
kel ma elta2a bi chab helo 3a zaw2e bi koun chakle khara 3al ekher.. cest triste,Negative,Joke
Ya harammÃ°Å¸Ëœâ€šÃ°Å¸Ëœâ€š ,Negative,None
Ma fe ahla men hawa #jnoub #jnoub,Positive,None
@CindyRizkallah @ElyseS16 jebt eshya ktir cute la2elon men spinneys nananaa,Positive,None
@Nanuchasstar @Naimkmayha @khalilkoussan @ahmadzoulfekar hahahahahahahahahahaahahaha tide hayda =)),Positive,None
Kif bet oulo la hada btari2a mhazabe eno sar hake ktir la daraje tawashne ,Negative,Sarcasm
Sar ma3e b Antoura,Negative,None
@BobFanous Mish defensively azde bass eno ma ken fi ktir chances w plays helwin w hek,Negative,None
@joudirajabbasha mbala fhemta bs ktir da7aktnee :p,Positive,None
ktir bkit,Negative,None
Boy : ana be7tirim ra2ey el mar2a w da2iman b7otto 2idem ra2ye Girl : habibe enta ktir mni7 Boy : skete wli ma 7adan talab ra2yik *slap her*,Negative,None
Teb leh sa23a ? ,Negative,None
@joe_moubarak chou bek mya2as? ,Negative,None
Khwasre 3am youja3oune mesh 3erfe eza men l dehek aw men l akel,Positive,Joke
Bade efham chou khas lwardee bi allah Ã°Å¸Ëœâ€šÃ°Å¸Ëœâ€šÃ°Å¸ËœÂ°Ã°Å¸ËœÂ°Ã°Å¸ËœÂ°Ã°Å¸ËœÂ° ,Negative,None
Ktir 3am bekoul lol seeet ekil 7 wa23at lol now talabet berger ,Negative,None
@najwakaram #JudgeNjawa chou biyelba2liiiiik l aloub l deneee t7ebiiik ya ghelyeğŸ˜˜ğŸ’˜ğŸŒ¹ğŸŒ· #JudgeNjawa,Positive,None
@AboNajemElie ktir te3bir 7elo wsadi2 100/100,Positive,None
@pamoula @Rouwa_Saba chou esmo hayda li khtara3 ltwitter het la n2ello barkeh byechtrilna yehaa lol menbi3a w mne2soum ha2a 3a 3,Positive,None
Fiye efham ley dafir 2id lchmel bytwalo w dafir 2id lyamin bi dalloun 2sar Y3ne ktir jorsa hek yi haram ,Negative,None
Me helo hek . W hek ... ,Positive,None
Saba7 l5er wlsalem beirut ,Positive,None
@majdalakhattar eh eh ktir 7abbeit fye a3mel retweet ???? :p,Positive,None
Je3et bas its not jou3 jou3 its stress jou3 fhemtoune??,Negative,None
@MaramAzzam ktir 7elwe sourit il profile bravo,Positive,None
@faditarabay88 @sarah09998 @LBFJPA @wef @Gebran_Bassil La abadan bas t7alafna ma3 hizb alla w fawatnahon bil7okomeh layser el General raâ€™ees... 3an jad ino sho el mshkleh?,Negative,Sectarianism
Hahahhahaha albo melyen mennaaa Ã°Å¸Â¤Â£ https://www.facebook.com/723616625/posts/10156414568561626/ ,Negative,Joke
Wa2afna el dares wel gym lal thawra. Tlo3na noss7anin wel exam kal 7oukam is still standing strong in 1 week. Ekel Khara af. ,Negative,None
@Monier_Heghazy helo ketirÃ°Å¸â€˜Â ,Negative,Sarcasm
Chou sarlak ? Habibi?,Negative,None
el zaha2 bye2tol,Negative,None
Seret khabsa chakhsen lyom,Negative,None
@DalalBakhour mbaaalaaaaaa3333 3ande ktir sowar elek:') ,Positive,None
La2 tawele belakkk marwan tizeeeee min ken seme3 fikkk law ma a3melak l helweğŸ˜¡ğŸ˜¡ğŸ˜¡ğŸ˜¡ğŸ˜¡ğŸ˜¡ğŸ˜¡ ,Negative,None
@mariagilmour6 @reemxxo ehh la2an jessma mish helo?! ,Negative,Bullying
lah lah lahhh chou sayirrr bi souria,Negative,None
I'm loving @YesserTayyara ktir lyom idk whyy,Positive,None
Ktir ketranin l sha7adin hal fatra,Negative,None
Enno baddak ba3d 10 snin tenye!!!!??? Latgibo lkahraba??? Ya chabih lbani admin l3alam kello 3am bi2oul 3endkon hader belkahraba. Fachart ya harami wya ğŸ‡ğŸ‡ğŸ‡ğŸ‡ğŸ‡ ,Negative,None
â€œ@NellyGeorgeHarb: L ta2es ktir mounesab ta nekol hawaâ€ Mnekol nekat kamena aw la2 ? :p ,Negative,None
Hayda tayaran aw shu ,Negative,None
@moezreikLFC hayda 7akeh!,Positive,None
ba3d boukra el te2dim!!!!,Negative,None
@instakfourywael @kfourywael @DimaSadek bawsi 3ane allah 3ala hl album Chu helo hfozto ya ret by3mlo fi fahes bl skul :)&lt;3 ,Positive,None
Ktir bteje mezeej entağŸ˜.,Negative,Sarcasm
mar3oube men el carnet,Negative,None
@RimaNJEIM nshala tkoun salat ma2boule ya rab kalemek ktir helo ramroummmm rab yesma3 menek ynawerlna 3a2elna w 3a2el l3alam ,Positive,None
Ma baaref lech bass ktir bethamass aa the voice k.,Positive,None
Wliii hayda twitter msh insta,Negative,None
Her: Hayete elle shi helo abel ma nnem :$Him: 3asal Ya haram ma fe2 tene nhar ,Positive,Joke
La kel lebneniyeh li 3am bi admo brevet w terminal 2014 . . hazkoun chou helo yaret 3a wa2teh heik ken fi suspence kenit hejet lsa2ta b2ideh,Negative,Joke
ismail ahmad kess e5to chou awe,Positive,Foul language
5tana2na men rihit l hari2 ,Negative,Known fact
@novatchok hahah eh ana ktir helwer :p aw la2,Positive,None
La ytamnouk enno fi ghala bl da2 ,Negative,Sarcasm
@7Merhi hayda ya3ne l wahad byeje nos kherfen nos majnun :p,Negative,None
@HotCreep_ eh eh ktir aweya mch metl l ajenib chi bimawit,Positive,None
Hayde awal erbeneee mish 3eress wala chi chill !!,Negative,None
Ktir awe hal video ,Positive,None
@zienb_2 eh wallla shta2tt :( ma helo hk tab w lh we2ef l wtsup? :( ,Negative,None
@LBC_Group 3al #mtvlebanon keno ahla #mtvlebanon,Negative,None
@NoourNk chakhes bighaneh sawto helo elo fatra bighaneh w heik bass 3a chou bet2alho lness w ouw3a tehko 3anna w yay w yi ,Negative,None
@lole__96 @manoool_66 @meraa205 @BayanAdoreLea hahahahhahaha eh mn rouh chou 3na #LeaMakhoul #LeaMakhoul,Positive,None
@HasanOsseili ana ba3dne bala akel lyom Ã°Å¸ËœÂ¢ sheyef l dene akel :p,Negative,Joke
@gabylteif_MCD beirut miss u chta2na lel assaleh bi kelme3na el kelme,Positive,None
W yimkin chi nhar u3a mn l nom la2i hadi bel farchi Ã°Å¸Ëœâ€šÃ°Å¸Ëœâ€šÃ°Å¸Ëœâ€šÃ°Å¸Ëœâ€š ,Positive,Joke
Eza btekhde soura w mkhabeye wejjek bi telephonek w hada allek pretty 3am yedahak 3alayke... ,Negative,Sarcasm
chabeb chi marra fakarto chou bi sir bas nmout? barke nzlna 3a jhannam,Negative,None
Oh ğŸ˜ğŸ˜ fi ahla b Germany ğŸ¥ºğŸ˜…? ,Positive,None
Fesh aryab men hekğŸ˜»ğŸ˜¿ ,Positive,None
@AmeLMhamad yumyyyyyyyyy hayda akel :) alf sahha ;)),Positive,None
@VaniaAoun wahahaha leikeh leich ma mna3mil cherkeh de3ayetttt lol 3andeh ktir afkar hahhaha betali3 ??? Xxl w buzz wala abyakh lol,Positive,Joke
Ma bsaddi2 eno rehet 3a mc donalds w aloule ma ba2a 3endon akel;/,Negative,None
Exactly! Akh hal jeel kif HAHAHAHAH ,Positive,None
@Gebran_Bassil plz plz gebran 5alik mtebe3 lmawdo3 ma ba2 badna phalesteneye wsoreyen 3ena el mawjoden bykafo ,Negative,Racism
Ma fi ykoun jamelik hal2ad helo la anno bkhaf ma ye3la lsekareh ma3eh #latche beykha #latche,Positive,Joke
@salibareema esme shu heloğŸ’ ,Positive,None
Hahahaha eh wallah ,Positive,None
harab kalbeee!!! labrador brown esmo Max bi manta2et aarayya eza hada le2e dm please,Negative,None
@salemzahran2013 chou helo el orange ,Positive,None
"Beit wared sakar wa 7ayefta7o ma7alo turkish restaurant ""mehmet"" metl nusret so prepare yourself lal jala2an ba3d km shahrğŸ™ƒğŸ™ƒ ",Negative,None
ba3d ma akalet chi lyom :(,Negative,None
@DanaTeresa567 1. L song ktir helwe w moujarrad ma tkouneh sme3tia w 3am te7ke 3anna ya3ne chi ktir mni7. ,Positive,None
kenet last year ktir tetsalo taarafet aala el kil honik w mestelmin el groups this year ,Positive,None
tabb okk fhemet eno m hada habebne mn zamen w je,Negative,None
@HazouryWafaa hamdela lol #love #Beirut lol mohem kabes #love #Beirut,Positive,None
@Fun0Ginger @joeation la2 lek helo l dubstep .. ,Positive,None
Ktir helo ! Sar fi shooting Monday kamen ! #ilooklikeazombie #needtosleep #ilooklikeazombie #needtosleep,Negative,None
@marieroseosta @Change Yl3n shaklik S2ltik kif ğŸ˜‚ Gebran 3ndo nes sawatetlo just so you know ğŸ˜œ,Negative,Sarcasm
@DFB_Team_EN @wassimea badde e3tereflak enno hayda lshi fakhm :p,Positive,None
jemelekkkk yaryouraaağŸ˜ğŸ˜ ,Positive,None
@Andreah_22: @patrick_bassil hahha ana ktir cool bel 3akess haha 7asset ..... kente ra7 teje da3sine !,Positive,Joke
@miakhalifa miaaa ana bhbik ktir,Positive,None
bas ousal 3al beit rah ekela bahdale men ahle ela awwal ma ela ekher.. d3oule,Negative,None
Hayda fehmen el snapchat ghalatÃ°Å¸ËœÂ.,Negative,Bullying
80% mn lshii3a including me 3ayshin bi sera3 dekhele between defending lmokawame le defa3et 3n aredna w fadet bi wleda dodd l3adow lsohyune wben nu2af dodd seyeset hezb allah w maw2afo mnel thawra. I cant describe the struggle right now ,Negative,None
@stephaniemargossian @JnNakhoul76 chaklo sayer chi ma mnihh la hek sektin kelkom,Negative,None
Tb leh l guys li b saffe ktir wled ,Negative,Sexism
jarrabet bas ma 2deret :(((,Negative,None
Bede hayde l pizza li bel de3aye ,Positive,None
@joemaalouftv please am bsma3 men ktir nes eno khayfenin ma yenzalo a ashghalon ta ma ya3mloulon shi. specially l shariket wel eshya l teb3a la randa berre! ,Negative,None
Mich eno w3it lse3a 6 wbel 3ade bou3a lse3a 7 40 helo hek eh? coffee w osas lsebeh. LA2 ,Negative,Sarcasm
@ElsyRaji: @Fouad_Rahme ktir helo w jagal w hek. She's one of my fans ğŸ‘†,Positive,None
Aya should win ktir ashta sara7a,Positive,None
lahza 3anjad fakarto houwe zeto Ã°Å¸Â¤Â£ ,Negative,None
tkhena2na ana w my best friend,Negative,None
@raghebalama sabah nour istez ragheb.hadortak w nancy bayadto wijj lebnen b hdourkoun rake wl helo.ma3 tahiyaty. ,Positive,None
@jesuisjamal chou leich ghebteh jom3aaaaaa chou ken bekehhhhh,Negative,None
eh w celine ktir cutie pie ,Positive,None
@Maromoawad abalneh li ken chaklo helo bel selfie ,Positive,None
@Hammoud_91 @LamaGhaddar05 hayda le 3am ya3mlo le3lenet kter gesho :/,Negative,Bullying
Hahahahah ktir b dahko ,Positive,None
@OumaiimaKamiil1 @reem19431 sorry hbb kenet ktir madghout el hamdellah now am fine,Negative,Courtesy words
@AliKaraki91 helo helo ğŸ˜ allah yeb3at l kheir ,Positive,None
@tatyana_moukbel hahhaa chou twitter w ma twitter nawartina honnnnn ana 24h hon ahhahah ,Positive,None
Habibi ana ykhalilik 3ayltek w yen3ad 3layki w 3layon ,Positive,None
Ya la2eeemee ,Negative,None
@elikhoury763 Margo ma 3m tred 3alaye.. Ma32oul beha chi,Negative,None
@HaifaWehbe waw klna natren diva hayouf kbar w s8ar shabeb w banet btjma3i lkel,Positive,None
@jadbadine: Hayda ghadab allah 3ala l 3alam teta is that you?,Negative,Sarcasm
awlkon rah os2ot fahes el tarbiya bokra? #helpme #iwillpay #ineedanA,Negative,None
metradede eza benzal entekheb aw rah ya3rfo eno ma ntakhabton.. barke ezyoune,Negative,None
@TheAliZein ktir mahdoum ğŸ‘,Positive,None
Ktir beye5 l balad lama tkon l ter2at maftou7a bi shu iran a7san mena ,Negative,Sarcasm
Ma ba3ref ento chou 3am yousallkon bass ana wala shi ,Negative,None
baed aande ghrad ktir lal kab natra la ekhlas jury so bas ekhlas bteje btse3dineğŸ’–ğŸ’– ,Positive,None
disappointed eno ktir 3ade ,Negative,None
@FansLeaMakhoul1 Anaaa W Ma Bcherikk Bi Wala Wahad Ba2aa:pChii Ktiirr Mez3ijj W Ma Elo 3azee..Chou Ela Me3na Ybayyin Senye L Esem Bl Trend?ğŸ˜‚ ,Negative,None
That is a thawra b had zeta ,Positive,None
@ayafares @TheseDamnQuote chou b fahmik ente aslan. Ktir sa3be hay,Negative,None
3melet accident w kassaret el syyara w sarle se3a 3am bebke,Negative,None
mich edra etnaffas 3al panic! any tips ya helwin?,Negative,None
Hahah fakaret zet l chi! ,Positive,None
I really feel like crying...jeboule chafra la chatteb w hek,Negative,None
@BassemBoustany chou king,Positive,None
i loveyou hbibt albi w ruhi anti â¤ï¸ @kawtharhadaya ,Positive,None
@getlostbruh @ABCFpll @JanelParrish kamliiii !! ktir sayir helo ,Positive,None
Ranoush sho hal 7ala hayda 3a feka ur cloth wala a7la especially ur shoes :) @Raniamazbouh ,Positive,None
Rawwahna kell l regim b akel l ahad #everytime #everytime,Negative,Joke
bi balad l3ajeyeb bi lbnen 7akim jara7 sh5os ynzouf dam bl 3yedeh w ynzat 3la lrasif w ma 7ad bys2al l7akim leh 3mlet hek !!!!!! hayda lbnen ,Negative,None
merci ktir ktir maximğŸ˜â¤â¤â¤ ,Positive,None
Hahahaha kteeer aweya liverpool mafiyoon hek :') ,Positive,None
Tomorrow first day of uni w ma 2ile jlede :p chou l3amal,Negative,None
Ana ktir MABSOUTA3333 darast bio w chimie ,Positive,None
mich rah lahhe2 khaless ya allahhhh,Negative,None
@H7470 hehe hayda saba7 ...saba7 l 2araf ,Negative,None
@MarcRashed4 weer hayda taba3 mbereh?,Negative,Foul language
@bachoo95 @mawzex @MichelleRomanos 7elwin chou behoun? Ya3ne iza bachir w flamant ma bi footo 3al saff it means its easy ;),Positive,None
el mechkle enno nahna 3arfin halna 3el2enin ben sinna w chi3a w mich rah ne2dar netla3 mennon ella bi ouwet allah. 3anjad chi bi za3el,Negative,None
@NancyAjram waw ktr helo l trailer habet cant wait @Saidelmarouk nchalla ma tawlo la t3rdu,Positive,None
@joesaymongebrane manne mla72a khalles lal rendu boukra w seret mkhallsa bas planche men assel 5,Negative,None
Ma ba3rf leh bas l tawouk yalle akalton halla2 keno extra delicious ,Positive,None
@mouawadnicolas dawrk ra23 bi yasmina ktr helo :) ,Positive,None
Yalla rge3na balachna men awal w jdid! #Beirut #Ashrafieh rip #AshrafiehAndVictims #Beirut #Ashrafieh #AshrafiehAndVictims,Negative,None
@PiaAkoury @NourGhrayeb ana hay awwal palmaresse bbayyin tabi3iyye fiya! Ktir nbasatet :p w awwal wehde bkoun.fiya eddem ;p ,Positive,None
hayda 3azeb ,Negative,None
@MahaSabek @nancyajram akid w hayda dalil najeha l mostamer w nshallah bedal fo2 rass 3ayleta ,Positive,None
7obii ,Positive,None
ktir khayfe es2ott maths #secondefinals,Negative,None
Lakk hel 3ana lal mara :p ,Negative,None
"@JoanneSayssa nawre: ""sabaho ya helo"" jana : "" joanne run :| "" ",Negative,Sexism
Ktir 2weya luiz w alves wel chabeb na2eson camera ğŸ˜‚,Positive,None
Halla2 toli3 bayye msaffar neswen 3al khalij?? lesh shou elo 3ale2a bel khalij? w ma zelik hal add bte7te2ri w ma bet 7ebbe nasso lesh kente tdallik mlazz2a bel maktab bi tyebik w manzarik el mou7taram natra yotla3lik 7ayalla dor? ste7e 3a dammik w 3a kabertik! ,Negative,None
@SarrounaCyrine @CyrineAbdlNour hayda cadeau Cyrine l her fans b mounesabet her bday :p jamelaaaaa ğŸ˜ğŸ˜,Positive,None
Plz hada yeb2a yna2ila tyeba la @nadine njeim...mch masmou7 #MBCTheVoice #MBCTheVoice,Negative,None
Waylon li oummaten la tarfa3ou sawtaha ella fi janaza wala taftakhirou ella bel kharab - Gebran Khalil Gebran. ,Negative,Saying
ma na2oule projeyte lal exposition... chtaghalet leil nhar 3ale,Negative,None
@mouawadnicolas ittiham w law w 10 abid zghar 3njad bi32do l series l sene ittiham ra23 myriam massle ktr helo lezm tehdaro ,Positive,None
@BitarMichele ma aslan l khass ktir tayib mishax,Positive,None
Niyell el nes eli hodruk el layle w sem3o sawtak el heloâ¤ Akid walla3ta!!ğŸ˜Š Yeslamle albakâ™¡ Bhebbakâ¤@zakichreif #Ø²ÙƒÙŠ_Ø´Ø±ÙŠÙ_ÙˆÙ„Ø¹Ù‡Ø§_ÙŠØ§_Ø¬Ø¨Ù„Ù†Ø§ ,Positive,None
@sanatarabay hahahahah chou bakrah bass ysir heik 2achya,Negative,None
Ktir 7eloğŸ˜ ,Positive,None
ğŸ˜ƒ thanks thats sweet kif bedna nehkike private ,Positive,None
Nshala t2t3 3a kheir ,Negative,Saying
Hayda houwehhh l2esla777 wel teghyirr l7a2i2eh kbirrr yaaaa wazirnaaaaaa yaaa hami jaybetna men ser2et chariket etisalat @Harb_Boutros,Positive,None
Hahahhaa Ahla shi  Hayda elli 3a rasek ğŸ˜‚ min ween jayebtee ğŸ‘ŒğŸ¤£ ,Positive,None
Hessa hale chi ktir awe ğŸ˜‚ ,Positive,None
di3an kel lahza 3melet w dahhet kermlik... ms fi wafa bi hal hayet #girlfriendproblems,Negative,None
HAHAHAHAHAHA ataltineee ,Positive,None
@AklYara bhebik ktir ktirrrğŸ’˜ğŸ’˜,Positive,None
ejit my boss liom aletle oss cha3re al ktir heke ... saraha nza3ajet :/,Negative,Bullying
@CynthiaKhalife1 ktr helo go green!! ,Positive,None
albe ma byehmol ba2a aktar men hek,Negative,None
Mouto kelkon,Negative,None
-Carla ma ha tsad2eee - Shuuuuu fiiii - Eja haydek l helo tdahhakle - .... ,Positive,None
@koukimak @LaraHachem8 @awaiidamonica @AnitaChemaly hahahaha hayda matalna la lyom ğŸ˜‚ğŸ˜‚ #matousa2 #matousa2,Positive,None
Waynik? -Bl beit -chou 3am te3mle? -machi -jeye etsala ma3ik.,Positive,None
Tkheyalo se3ten w nos men beirut la sour ,Negative,None
@deliciadagher @halastyles ou3a 7ada y7kele chou l2ossa :&lt; ,Negative,None
@ShallAmmar mch ktir hal2ad fans??? _ noo ma fy chi men 2ymtak :p ,Positive,None
ktir bhes ma hada ha yelkeshne iza hatayta shou awlik ,Negative,None
ma 3m bet5ataaa ktir awiyee ,Positive,None
fhemna eno elsy el achkar rebheta lal siyara walla ,Negative,None
All fans chou ra2ykoun notlob kelna mn @MonaAbouHamze tostadif lea makhoul bi bernemeja w mn 7ot l 8eniye l jdide taba3a 3a se3a 9pm ??? ,Positive,None
@nadinennjeim amaising law ktr helo awal hal2a ktr helwe @AbedFahdKingdom @khal333340 ra7 dal e7daro :)&lt;3 ,Positive,None
@FarahShamii hahahahha nshalla bshufik bi matar beirut akhhh ma ile khla2 8 se3at tayaran bs :p ,Positive,None
@thomyorkepls habbet fekret eno 3meletelle followed halla2 :p and annddd farjine,Positive,None
@RayanneHarake mathotte make up ktir hek ahla,Positive,None
Shu sar fi hayda w leh bento hek ,Negative,None
Ele yawmen 3eyech 3al negro w 3asir ra7 8ib 3an l wa3e ,Negative,None
@SamanthaD17 la2 wlo! Helo ykoun min lebnen haram truh l zine li 3al tor2at di3an. ,Negative,Sarcasm
La walllaaaaaaaaaaaaa aktar shwayyyy ,Negative,None
@tar_rash 7adre me8le lyom 3l a3de ğŸ˜‚ ,Positive,None
Helo chaklak!!!!!!! ğŸ˜Œ ,Positive,None
@maysoufan19 hii ya helo ,Positive,None
@RimSoufan Me toooooo ktir fakhame w hek. Hamdila ma jebt el dvds aw bes2ot hal sene :p,Positive,None
@VaniaAoun btwwwwe habbet bta3emleh yoga bass akid ana ma be2dar a3mil lollll chou hal chi hayda louyouneh am ma 3andik 3adem,Positive,None
Bta3erfo chou ahla chi? Eno mom bs tou3a bteje bet sakkir beb l ouda w bta3moul hoover aw hayala chi ,Negative,Sarcasm
@CharbelGhsoub mech hayda yale ken ykun fi mounesabet lal ouwet yrouh y3alle2 a3lem? sar bado y7allil,Negative,None
chi bi za3el!!! :(,Negative,None
@najwakaram bta3rfe shi? Ana men ba3d 3al thawra ktashafet adey ana fakhoura bi 7obbe elik w aday ana 3an jad â€œterbeytikâ€. Merci ennik kabbartine 3ala 7ob wataneğŸ‡±ğŸ‡§â¤ï¸ ,Positive,None
Fadahtoune shou bade a3mol b hale ,Negative,None
Ken bade naket hek chiğŸ˜‚ğŸ˜‚ğŸ˜‚ ,Positive,None
Chou helwin:p,Positive,None
woww ktir 7eloğŸ˜ğŸ˜ ,Positive,None
@michberberi hahahahahahahaha ktir awiye :p ,Positive,None
@amineakl9 @premierleague haha 5aye mahadan 2arab 3laykon. Yea into ktir aweya hal sine! #3ishhhhh #3ishhhhh,Positive,None
Eza byokhsaro lyom ma ba3rif chou ba3moul ,Negative,None
@marylinchahine ente ente bhebbek ktir ,Positive,None
akalta 3ayta la2an kasaret mazharie,Negative,None
@MEMEHW999 @HaifaWehbe ktir 7elwe meme ğŸ‘ğŸ˜,Positive,None
@AlniyadiMira hahaha habb chou hal 2ste2bel l helo:p ,Positive,None
Wow chou helo el mdarajet ;o ,Positive,None
OMG BADDAK TETJAWAZNE ? PAPI MHANDIS W MAAE MASARE KTIR Eza FEKRIK ana bensa chy gholtane ,Positive,Sarcasm
3ezmetik 3a view mn 3ende mnel foyer ,Positive,None
chaklo bi khawweff walaw?!!!,Negative,None
A7lam atltne #MBCTheVoice ğŸ˜‚ğŸ˜‚ğŸ˜‚ #MBCTheVoice,Positive,None
@phantasmarolla tbh ktir helo cha3ra lal benet li hadik ğŸ˜Š ,Positive,None
bas chefet jesme bel maillot kenet rah ebke.,Negative,None
@TThePoeTT sa7i7 hahaha tekram 3aynak:) ana b iyyem el jem3a b beirut ,Positive,None
Ajmal chi fiye w bchkur rabbe 3ley enne albe tayib w dymn bhke lsara7a w ktir 3afawiye w manne abdn la2ime w nejse w mab3rif asln etl2man wala kazibğŸ˜Œ ,Positive,None
@Marwakkari @tmclebanon merci Madame!! Chta2nelik ktir!! :),Positive,Courtesy words
@hazoon2014 leichhhhh chou bekehhh,Negative,None
Bhes hale ktir habile lama 2e2ra shi bel french w ma efham wala kelme.,Negative,None
@joudirajabbasha hote l ahmar mahal l aswad b sir ktir heloğŸ˜ ,Positive,None
@Matthieu Nahed chou jebtileh ma3ik????,Positive,None
Awlak hek enta? Hamdella sar 3enna ra2is #overjoyed #overjoyed,Positive,None
3anjad kobe ken najem el le3be allah yerhamo,Negative,Courtesy words
ma betsawar fi hada hazzo beche3 adde.. mich rah etghayar bi hayete,Negative,None
Hahahaha akiddddğŸ˜ŒğŸ˜‰ ,Positive,None
@NadimKolfat @charbels41 l helo fie 3am ynakit 3al sukleen w houe chauffeur taxi ,Negative,Bullying
Ã¢â‚¬Å“@melissahabchy: @karltabet1 chefeetttt :(( haydik el jom3a rekbte halla2 2ide Im dyingÃ¢â‚¬Âhayda alla Ã°Å¸Ëœ,Negative,Sarcasm
KarlSarkis lezim yet3alam l2e7tiram w le3eb bi rou7 riadye 3ayb 3anjad ktir ... Mesh heik byel3abo basket #ShameÃ°Å¸â€˜Å½ @LBCISports @ghayathdibra #Shame,Negative,Bullying
@AlineTanoury mmmmm chou belik fadeh ekhir hal leillll belik bi dalida w ziad w eza habbo ba3doun tarako ba3doun lollll chou hal adar ,Negative,None
eza 15 seconds 3emlo hal hit kello chou 7a ya3mol l series ??? ... @NadineElRassi @PhilippeAsmar @NadineJaber ,Positive,None
@GhanemRanine @tonyrizk_963 eh ktir taybe hiye :p,Positive,None
Sha3re ka2anno 7ada mkahrabne ,Negative,Joke
@GhidaKnio LEK SHU HAL SOURA WOWWOWOWOWOWO ğŸ˜ğŸ˜ğŸ˜ğŸ˜ ,Positive,None
Ehh ktirğŸ˜‚ğŸ˜‚ğŸ˜‚ ,Positive,None
7elwe l3aj2a ..... eh bass ktir hal2ad@@@,Negative,Sarcasm
#ConfessionNight ana w @melissaabdo ktir men ness aal tweeps. #ConfessionNight,Positive,Joke
Chou 7elo w2ta m7alelt l prgram siyese tb3 l otv kif btebkh3oun wahad wahad,Positive,None
@555Seehaam alah ykhalike w gd morning w nchala ykoun nharik helo ,Positive,None
Meche koukiii ,Positive,None
Lhemkeh 3am yel3abo le3eb helo ktir,Positive,None
@hussein__yassin @ZeeElHarake dod monaco minimum nel3ab hek  rabhan w dife3na ktir awe la darajet shato 3 marrat 3al goal :) ,Positive,None
@dimitrifiani @MalouElia ana hÃ©lwÃ©dimi hÃ©lo malou hÃ©lwÃ© nour hÃ©lwÃ© don shou ?:D ,Positive,Joke
Girl b beirut 3am belbos noss kemm what ,Positive,None
Ijit il kahraba bi beirut :))) ,Positive,None
omg chou sayerrr,Negative,None
Ye3ne mich edra eskout..chou hal edmen 3a mousalsal 3echeknisa2..ma be2dar 2affeee wala episode.ğŸ‘ @Wardoudi @nadinennjeim @PhilippeAsmar ğŸ’•,Positive,None
@alitahini machghoul bele 3alek ktir ya habibe! 3tine khabar eza bayyan chi ma3ak.. wallahi albe 3lek ya khayye,Negative,None
Aww jeye la 3enaa?? ,Positive,None
@RayaneHakki chou nawarrr,Negative,None
ana aam ekol b balesh. allah wil thawra ,Positive,None
@JoannaKai1 maraaa sorryy :p 3anjad mich ased,Negative,Courtesy words
You know enno kel el saf sa2it lamma el estez ktir fe23a ma3o ,Negative,Joke
@Rawannn7 Yes walladit men shway. And awwwhh ğŸ˜ I love this girl betdalle3ne ktir haha ,Positive,None
Bhebkonnn ktir,Positive,None
W ba3den law chou ma ken ll arar tfaddalo khabbrouna min ba3ed rah yedrous men ba3d kell hal tshweshour @EliasBouSaab,Negative,None
3am y2oulo jeye tsunami 3a labenen!! #yailahi,Negative,None
@MarianCarolian @CAROLE_SAMAHA Chu hl 5abar l helo tal3a helwe bl habal ana akide Hata law mch mbayan wejik ,Positive,None
@Eliemajdalanie6 laaa bl 3aks wala ... Ktir mhdoum 3 iyem alin knt mout dhk bas talfin w tdbkouwa 6 am hhhhh,Positive,None
Hahahhahahahaha akid haykkk naake 3 naaam ,Positive,None
@AbbassAk93 hahaha hayda typically ana ğŸ˜‚ğŸ˜‚ same to u habbubğŸ˜˜ğŸ˜˜,Positive,None
lahza! hal soura bi lebnen!! ya fakarta barra bi afri2ia aw chi! la wen waslinn ya ta3tire,Negative,None
Bes eje fakir bi moustaebale bkhaf,Negative,None
@Kalamennas fina na3mol ktir echya Bs dawletna ta3bene ktir .... ,Negative,Sarcasm
@Omar_Khodor ana member b injaz -.- bas ma bade yensou l shhede bel maktab b beyrouth :P 2al mneb3ata #aramex #aramex,Negative,None
marra jc al byel3ab l 3atwe eddeme w la halla2 ba3edne ma tkhattet ,Negative,None
Ma3ke ha2 ana ma3ke bs ala cheikh samy 3aylti pierre ba3don wled badon yet3alamo w yekbaro bs 3aylit cheikh bachir 3aleyon hene yekhdo ll arar w sad2ine fi ktir 3alam by2bado mtl general aoun ma3ash jesh w ma3ash ra2is jumhuriye gher ma3ash ex neyib ,Negative,Sectarianism
Nahna aalam w hene aalam bro? ,Negative,None
Day3a w ana bi beirut Ã°Å¸ËœÂ­ ,Negative,None
@Marwan_BFD hahahah haram wloo!! ,Negative,Joke
@fakihn allah la ywafe2on kif 3am bi2atloulna l jech lebneni aslan eza keno sena aw chi3a aw ... chou manon 3alam w 3endon ahel,Negative,None
Plzzz @nabil_ajram tamina 3la nancy kteeer msh8ol balna 3leeha Ã°Å¸Ëœâ€™Ã°Å¸ËœÂ­Ã°Å¸Ëœâ€š nancy sart a7san hl2 ??? ,Negative,None
@iLoveMJK @__noOna_ ana ma bade yen3arad hayda l ramadan cz fi meryem Ã°Å¸Ëœâ€œ haram ykoun fi la haifa 2 series betdi3 l tase ! ,Negative,None
Deghre iza ken shi3e sar mentisib lal hezeb? Waw shu badkon fat khebez ba3ed..,Negative,Sectarianism
@hazoon2014 ana mni7 khabrinehhh chou li sayir ma3ik,Negative,None
Hahhaha kalemik l helo a7la cadeau ,Positive,None
Ana live men l balcon Ã°Å¸ËœÂ­ ,Positive,Joke
@RayaneHakki ana nawre chou fike ta3mle :/,Negative,Sarcasm
darabou lal kaleb w hala2 akhadou lal kaleb aand el vet :(,Negative,None
kif wel qada2 menchara w kif yalli 3am b taleb bl mouhesabe houwe l fesed. ba3dein fi ktir ness bala chegel . chou bta3mol bte23od btetfarajjjjj ,Negative,None
@christelle1612wlek a7la chou mno23oddd ma3 l z8arr :/ ? ,Negative,None
Wa2ef habal 5haye pls W 7ata wle men jam3tna ywa2fo habal 3a ja3ja3 w jonblat mbe5htlef bel eshya el s8her mnetjme3 bel eshya el kbere enta me2tne3 eno el harriri sara2 ? Keef lakan 5heser hal 2ad masare ? ,Negative,Sectarianism
bro l o*wet baadon mfakrin l thawra elonğŸ˜©ğŸ˜©ğŸ˜©ndabbo kelkon yaane kelkon,Negative,None
@Lamyaa_Ab ktir helwe ğŸ‘ŒğŸ˜,Positive,None
@samirsleem hahahahahah broo kes ekhta scenario jehiz khaalis chou badak a7la men hek?,Positive,Foul language
@Karlsfeir ma baddak yo7daro terke ma beddak yo7daro jouzour chou baddak? Y2adouwa porno ya3ne? ,Negative,None
B oulo alla khala2 l 3alam b 6 iyem w ana projet jem3a bede chahren la khalesob,Negative,Joke
@nourassaad8 @StaracArabia bas bet3a2eeed keneeet betmaweeeeet &amp; kteeeeeeeeer Dalou3a ino ni7ns bi 3aser soura mesh bi 3asr sout ..,Positive,None
Aywaaa habbet ğŸ˜‚ğŸ’ªğŸ’ªğŸŒ¸ ,Positive,None
tole3 ma bi hebne...,Negative,None
Ya reit ya isteiz sabah mazeil bihimak baladak we zi3lein 3a wleid baladak trakiz chouway ktir 3ala moumasilin baladak...ma tiz3al minni hadortak m2asar ktir ma3 el chabeib bi libnein...libnein mich bas baneit hilwi ta tou2af 7ad moumasil souri... ,Negative,None
wel3aneee ya babyyyyyy b beirut,Positive,None
Lech l 3alam ktir ferhane eno brad pitt w angelina jolie tjawazo ?? #ma_ykouno_emik_w_bayik_hbb Ã°Å¸â„¢Å  #ma_ykouno_emik_w_bayik_hbb,Negative,Joke
@dana18D @lovelymemo2000 @Rayano_Hssn @najwakaram. Lk ana b7ebou 7azzi ktir allah ykhalili yeh ya rab tab3an lama tred 3layi nanouj hhhhhhhh,Positive,None
@MelodieTamer yaret ha ele :(,Negative,None
Ana ktir habaytik la anik lazize aal aleb,Positive,None
E5te chou 5as lawena?,Negative,None
ma tezaalo bas hada ghayre mesh eder yesmaa sot ariana ba2a? besmaa sawta aktar men sot emme w emme ktir bet ne2 ,Negative,Sarcasm
Lakk ya 1000 halaaa ğŸ¤£ğŸ˜ ehh hayda 7akee ğŸ¤£ ,Positive,None
Knt ktir yenzal dam rehet al hospital w kouwyou.. sarle shi 3 years wala shi. ,Positive,None
@fadelkaadan anna bi beirut bas raj3anee 3a Milan :/ ,Negative,None
Sma3et sot bel beit mich mestarjeye odhar men louda,Negative,None
ya allah enta w batnak hahahaha ,Positive,Joke